id;kode_provinsi;nama_provinsi;kode_kabupaten_kota;nama_kabupaten_kota;kelompok_pengeluaran;kode_bulan;bulan;inflasi;satuan;tahun;Cluster
1;32;JAWA BARAT;3204;KABUPATEN BANDUNG;MAKANAN, MINUMAN DAN TEMBAKAU;1;JANUARI;7.08;PERSEN;2024;5
2;32;JAWA BARAT;3204;KABUPATEN BANDUNG;PAKAIAN DAN ALAS KAKI;1;JANUARI;-0.2;PERSEN;2024;5
3;32;JAWA BARAT;3204;KABUPATEN BANDUNG;PERUMAHAN, AIR, LISTRIK DAN BAHAN BAKAR RUMAH TANGGA;1;JANUARI;0.93;PERSEN;2024;5
4;32;JAWA BARAT;3204;KABUPATEN BANDUNG;PERLENGKAPAN, PERALATAN DAN PEMELIHARAAN RUTIN RUMAH TANGGA;1;JANUARI;2.09;PERSEN;2024;5
5;32;JAWA BARAT;3204;KABUPATEN BANDUNG;KESEHATAN;1;JANUARI;3.9;PERSEN;2024;5
6;32;JAWA BARAT;3204;KABUPATEN BANDUNG;TRANSPORTASI;1;JANUARI;-0.14;PERSEN;2024;5
7;32;JAWA BARAT;3204;KABUPATEN BANDUNG;INFORMASI, KOMUNIKASI DAN JASA KEUANGAN;1;JANUARI;-0.67;PERSEN;2024;5
8;32;JAWA BARAT;3204;KABUPATEN BANDUNG;REKREASI, OLAHRAGA DAN BUDAYA;1;JANUARI;1.26;PERSEN;2024;5
9;32;JAWA BARAT;3204;KABUPATEN BANDUNG;PENDIDIKAN;1;JANUARI;0.4;PERSEN;2024;5
10;32;JAWA BARAT;3204;KABUPATEN BANDUNG;PENYEDIAAN MAKANAN DAN MINUMAN/ RESTORAN;1;JANUARI;7.87;PERSEN;2024;5
11;32;JAWA BARAT;3204;KABUPATEN BANDUNG;PERAWATAN PRIBADI DA JASA LAINNYA;1;JANUARI;6.69;PERSEN;2024;5
12;32;JAWA BARAT;3210;KABUPATEN MAJALENGKA;MAKANAN, MINUMAN DAN TEMBAKAU;1;JANUARI;6.04;PERSEN;2024;5
13;32;JAWA BARAT;3210;KABUPATEN MAJALENGKA;PAKAIAN DAN ALAS KAKI;1;JANUARI;2.76;PERSEN;2024;5
14;32;JAWA BARAT;3210;KABUPATEN MAJALENGKA;PERUMAHAN, AIR, LISTRIK DAN BAHAN BAKAR RUMAH TANGGA;1;JANUARI;0.39;PERSEN;2024;5
15;32;JAWA BARAT;3210;KABUPATEN MAJALENGKA;PERLENGKAPAN, PERALATAN DAN PEMELIHARAAN RUTIN RUMAH TANGGA;1;JANUARI;-2.22;PERSEN;2024;5
16;32;JAWA BARAT;3210;KABUPATEN MAJALENGKA;KESEHATAN;1;JANUARI;0.87;PERSEN;2024;5
17;32;JAWA BARAT;3210;KABUPATEN MAJALENGKA;TRANSPORTASI;1;JANUARI;0.95;PERSEN;2024;5
18;32;JAWA BARAT;3210;KABUPATEN MAJALENGKA;INFORMASI, KOMUNIKASI DAN JASA KEUANGAN;1;JANUARI;-0.87;PERSEN;2024;5
19;32;JAWA BARAT;3210;KABUPATEN MAJALENGKA;REKREASI, OLAHRAGA DAN BUDAYA;1;JANUARI;0.2;PERSEN;2024;5
20;32;JAWA BARAT;3210;KABUPATEN MAJALENGKA;PENDIDIKAN;1;JANUARI;0.81;PERSEN;2024;5
21;32;JAWA BARAT;3210;KABUPATEN MAJALENGKA;PENYEDIAAN MAKANAN DAN MINUMAN/ RESTORAN;1;JANUARI;2.9;PERSEN;2024;5
22;32;JAWA BARAT;3210;KABUPATEN MAJALENGKA;PERAWATAN PRIBADI DA JASA LAINNYA;1;JANUARI;0.6;PERSEN;2024;5
23;32;JAWA BARAT;3213;KABUPATEN SUBANG;MAKANAN, MINUMAN DAN TEMBAKAU;1;JANUARI;9.11;PERSEN;2024;5
24;32;JAWA BARAT;3213;KABUPATEN SUBANG;PAKAIAN DAN ALAS KAKI;1;JANUARI;1.16;PERSEN;2024;5
25;32;JAWA BARAT;3213;KABUPATEN SUBANG;PERUMAHAN, AIR, LISTRIK DAN BAHAN BAKAR RUMAH TANGGA;1;JANUARI;-0.37;PERSEN;2024;5
26;32;JAWA BARAT;3213;KABUPATEN SUBANG;PERLENGKAPAN, PERALATAN DAN PEMELIHARAAN RUTIN RUMAH TANGGA;1;JANUARI;0.75;PERSEN;2024;5
27;32;JAWA BARAT;3213;KABUPATEN SUBANG;KESEHATAN;1;JANUARI;0.79;PERSEN;2024;5
28;32;JAWA BARAT;3213;KABUPATEN SUBANG;TRANSPORTASI;1;JANUARI;0.91;PERSEN;2024;5
29;32;JAWA BARAT;3213;KABUPATEN SUBANG;INFORMASI, KOMUNIKASI DAN JASA KEUANGAN;1;JANUARI;-0.16;PERSEN;2024;5
30;32;JAWA BARAT;3213;KABUPATEN SUBANG;REKREASI, OLAHRAGA DAN BUDAYA;1;JANUARI;7.55;PERSEN;2024;5
31;32;JAWA BARAT;3213;KABUPATEN SUBANG;PENDIDIKAN;1;JANUARI;0.82;PERSEN;2024;5
32;32;JAWA BARAT;3213;KABUPATEN SUBANG;PENYEDIAAN MAKANAN DAN MINUMAN/ RESTORAN;1;JANUARI;5.19;PERSEN;2024;5
33;32;JAWA BARAT;3213;KABUPATEN SUBANG;PERAWATAN PRIBADI DA JASA LAINNYA;1;JANUARI;8.85;PERSEN;2024;5
34;32;JAWA BARAT;3271;KOTA BOGOR;MAKANAN, MINUMAN DAN TEMBAKAU;1;JANUARI;5.56;PERSEN;2024;2
35;32;JAWA BARAT;3271;KOTA BOGOR;PAKAIAN DAN ALAS KAKI;1;JANUARI;4.27;PERSEN;2024;2
36;32;JAWA BARAT;3271;KOTA BOGOR;PERUMAHAN, AIR, LISTRIK DAN BAHAN BAKAR RUMAH TANGGA;1;JANUARI;2.35;PERSEN;2024;2
37;32;JAWA BARAT;3271;KOTA BOGOR;PERLENGKAPAN, PERALATAN DAN PEMELIHARAAN RUTIN RUMAH TANGGA;1;JANUARI;0.75;PERSEN;2024;2
38;32;JAWA BARAT;3271;KOTA BOGOR;KESEHATAN;1;JANUARI;1.42;PERSEN;2024;2
39;32;JAWA BARAT;3271;KOTA BOGOR;TRANSPORTASI;1;JANUARI;1.55;PERSEN;2024;2
40;32;JAWA BARAT;3271;KOTA BOGOR;INFORMASI, KOMUNIKASI DAN JASA KEUANGAN;1;JANUARI;0.53;PERSEN;2024;2
41;32;JAWA BARAT;3271;KOTA BOGOR;REKREASI, OLAHRAGA DAN BUDAYA;1;JANUARI;0.74;PERSEN;2024;2
42;32;JAWA BARAT;3271;KOTA BOGOR;PENDIDIKAN;1;JANUARI;0.84;PERSEN;2024;2
43;32;JAWA BARAT;3271;KOTA BOGOR;PENYEDIAAN MAKANAN DAN MINUMAN/ RESTORAN;1;JANUARI;0.74;PERSEN;2024;2
44;32;JAWA BARAT;3271;KOTA BOGOR;PERAWATAN PRIBADI DA JASA LAINNYA;1;JANUARI;5.51;PERSEN;2024;2
45;32;JAWA BARAT;3272;KOTA SUKABUMI;MAKANAN, MINUMAN DAN TEMBAKAU;1;JANUARI;6.0;PERSEN;2024;2
46;32;JAWA BARAT;3272;KOTA SUKABUMI;PAKAIAN DAN ALAS KAKI;1;JANUARI;3.54;PERSEN;2024;2
47;32;JAWA BARAT;3272;KOTA SUKABUMI;PERUMAHAN, AIR, LISTRIK DAN BAHAN BAKAR RUMAH TANGGA;1;JANUARI;-0.17;PERSEN;2024;2
48;32;JAWA BARAT;3272;KOTA SUKABUMI;PERLENGKAPAN, PERALATAN DAN PEMELIHARAAN RUTIN RUMAH TANGGA;1;JANUARI;0.9;PERSEN;2024;2
49;32;JAWA BARAT;3272;KOTA SUKABUMI;KESEHATAN;1;JANUARI;3.48;PERSEN;2024;2
50;32;JAWA BARAT;3272;KOTA SUKABUMI;TRANSPORTASI;1;JANUARI;1.56;PERSEN;2024;2
51;32;JAWA BARAT;3272;KOTA SUKABUMI;INFORMASI, KOMUNIKASI DAN JASA KEUANGAN;1;JANUARI;-0.05;PERSEN;2024;2
52;32;JAWA BARAT;3272;KOTA SUKABUMI;REKREASI, OLAHRAGA DAN BUDAYA;1;JANUARI;-0.2;PERSEN;2024;2
53;32;JAWA BARAT;3272;KOTA SUKABUMI;PENDIDIKAN;1;JANUARI;0.09;PERSEN;2024;2
54;32;JAWA BARAT;3272;KOTA SUKABUMI;PENYEDIAAN MAKANAN DAN MINUMAN/ RESTORAN;1;JANUARI;1.5;PERSEN;2024;2
55;32;JAWA BARAT;3272;KOTA SUKABUMI;PERAWATAN PRIBADI DA JASA LAINNYA;1;JANUARI;4.28;PERSEN;2024;2
56;32;JAWA BARAT;3273;KOTA BANDUNG;MAKANAN, MINUMAN DAN TEMBAKAU;1;JANUARI;6.17;PERSEN;2024;2
57;32;JAWA BARAT;3273;KOTA BANDUNG;PAKAIAN DAN ALAS KAKI;1;JANUARI;0.55;PERSEN;2024;2
58;32;JAWA BARAT;3273;KOTA BANDUNG;PERUMAHAN, AIR, LISTRIK DAN BAHAN BAKAR RUMAH TANGGA;1;JANUARI;-1.47;PERSEN;2024;2
59;32;JAWA BARAT;3273;KOTA BANDUNG;PERLENGKAPAN, PERALATAN DAN PEMELIHARAAN RUTIN RUMAH TANGGA;1;JANUARI;-0.58;PERSEN;2024;2
60;32;JAWA BARAT;3273;KOTA BANDUNG;KESEHATAN;1;JANUARI;3.96;PERSEN;2024;2
61;32;JAWA BARAT;3273;KOTA BANDUNG;TRANSPORTASI;1;JANUARI;0.63;PERSEN;2024;2
62;32;JAWA BARAT;3273;KOTA BANDUNG;INFORMASI, KOMUNIKASI DAN JASA KEUANGAN;1;JANUARI;-0.01;PERSEN;2024;2
63;32;JAWA BARAT;3273;KOTA BANDUNG;REKREASI, OLAHRAGA DAN BUDAYA;1;JANUARI;0.43;PERSEN;2024;2
64;32;JAWA BARAT;3273;KOTA BANDUNG;PENDIDIKAN;1;JANUARI;0.42;PERSEN;2024;2
65;32;JAWA BARAT;3273;KOTA BANDUNG;PENYEDIAAN MAKANAN DAN MINUMAN/ RESTORAN;1;JANUARI;0.93;PERSEN;2024;2
66;32;JAWA BARAT;3273;KOTA BANDUNG;PERAWATAN PRIBADI DA JASA LAINNYA;1;JANUARI;3.5;PERSEN;2024;2
67;32;JAWA BARAT;3274;KOTA CIREBON;MAKANAN, MINUMAN DAN TEMBAKAU;1;JANUARI;4.81;PERSEN;2024;2
68;32;JAWA BARAT;3274;KOTA CIREBON;PAKAIAN DAN ALAS KAKI;1;JANUARI;1.19;PERSEN;2024;2
69;32;JAWA BARAT;3274;KOTA CIREBON;PERUMAHAN, AIR, LISTRIK DAN BAHAN BAKAR RUMAH TANGGA;1;JANUARI;0.27;PERSEN;2024;2
70;32;JAWA BARAT;3274;KOTA CIREBON;PERLENGKAPAN, PERALATAN DAN PEMELIHARAAN RUTIN RUMAH TANGGA;1;JANUARI;0.74;PERSEN;2024;2
71;32;JAWA BARAT;3274;KOTA CIREBON;KESEHATAN;1;JANUARI;0.61;PERSEN;2024;2
72;32;JAWA BARAT;3274;KOTA CIREBON;TRANSPORTASI;1;JANUARI;0.43;PERSEN;2024;2
73;32;JAWA BARAT;3274;KOTA CIREBON;INFORMASI, KOMUNIKASI DAN JASA KEUANGAN;1;JANUARI;0.16;PERSEN;2024;2
74;32;JAWA BARAT;3274;KOTA CIREBON;REKREASI, OLAHRAGA DAN BUDAYA;1;JANUARI;1.45;PERSEN;2024;2
75;32;JAWA BARAT;3274;KOTA CIREBON;PENDIDIKAN;1;JANUARI;1.42;PERSEN;2024;2
76;32;JAWA BARAT;3274;KOTA CIREBON;PENYEDIAAN MAKANAN DAN MINUMAN/ RESTORAN;1;JANUARI;0.83;PERSEN;2024;2
77;32;JAWA BARAT;3274;KOTA CIREBON;PERAWATAN PRIBADI DA JASA LAINNYA;1;JANUARI;1.83;PERSEN;2024;2
78;32;JAWA BARAT;3275;KOTA BEKASI;MAKANAN, MINUMAN DAN TEMBAKAU;1;JANUARI;7.66;PERSEN;2024;2
79;32;JAWA BARAT;3275;KOTA BEKASI;PAKAIAN DAN ALAS KAKI;1;JANUARI;2.53;PERSEN;2024;2
80;32;JAWA BARAT;3275;KOTA BEKASI;PERUMAHAN, AIR, LISTRIK DAN BAHAN BAKAR RUMAH TANGGA;1;JANUARI;-0.29;PERSEN;2024;2
81;32;JAWA BARAT;3275;KOTA BEKASI;PERLENGKAPAN, PERALATAN DAN PEMELIHARAAN RUTIN RUMAH TANGGA;1;JANUARI;1.8;PERSEN;2024;2
82;32;JAWA BARAT;3275;KOTA BEKASI;KESEHATAN;1;JANUARI;4.64;PERSEN;2024;2
83;32;JAWA BARAT;3275;KOTA BEKASI;TRANSPORTASI;1;JANUARI;0.69;PERSEN;2024;2
84;32;JAWA BARAT;3275;KOTA BEKASI;INFORMASI, KOMUNIKASI DAN JASA KEUANGAN;1;JANUARI;-0.12;PERSEN;2024;2
85;32;JAWA BARAT;3275;KOTA BEKASI;REKREASI, OLAHRAGA DAN BUDAYA;1;JANUARI;9.02;PERSEN;2024;2
86;32;JAWA BARAT;3275;KOTA BEKASI;PENDIDIKAN;1;JANUARI;2.27;PERSEN;2024;2
87;32;JAWA BARAT;3275;KOTA BEKASI;PENYEDIAAN MAKANAN DAN MINUMAN/ RESTORAN;1;JANUARI;4.9;PERSEN;2024;2
88;32;JAWA BARAT;3275;KOTA BEKASI;PERAWATAN PRIBADI DA JASA LAINNYA;1;JANUARI;4.55;PERSEN;2024;2
89;32;JAWA BARAT;3276;KOTA DEPOK;MAKANAN, MINUMAN DAN TEMBAKAU;1;JANUARI;4.42;PERSEN;2024;2
90;32;JAWA BARAT;3276;KOTA DEPOK;PAKAIAN DAN ALAS KAKI;1;JANUARI;0.87;PERSEN;2024;2
91;32;JAWA BARAT;3276;KOTA DEPOK;PERUMAHAN, AIR, LISTRIK DAN BAHAN BAKAR RUMAH TANGGA;1;JANUARI;1.81;PERSEN;2024;2
92;32;JAWA BARAT;3276;KOTA DEPOK;PERLENGKAPAN, PERALATAN DAN PEMELIHARAAN RUTIN RUMAH TANGGA;1;JANUARI;1.11;PERSEN;2024;2
93;32;JAWA BARAT;3276;KOTA DEPOK;KESEHATAN;1;JANUARI;0.47;PERSEN;2024;2
94;32;JAWA BARAT;3276;KOTA DEPOK;TRANSPORTASI;1;JANUARI;0.5;PERSEN;2024;2
95;32;JAWA BARAT;3276;KOTA DEPOK;INFORMASI, KOMUNIKASI DAN JASA KEUANGAN;1;JANUARI;-0.23;PERSEN;2024;2
96;32;JAWA BARAT;3276;KOTA DEPOK;REKREASI, OLAHRAGA DAN BUDAYA;1;JANUARI;6.87;PERSEN;2024;2
97;32;JAWA BARAT;3276;KOTA DEPOK;PENDIDIKAN;1;JANUARI;2.18;PERSEN;2024;2
98;32;JAWA BARAT;3276;KOTA DEPOK;PENYEDIAAN MAKANAN DAN MINUMAN/ RESTORAN;1;JANUARI;1.62;PERSEN;2024;2
99;32;JAWA BARAT;3276;KOTA DEPOK;PERAWATAN PRIBADI DA JASA LAINNYA;1;JANUARI;4.71;PERSEN;2024;2
100;32;JAWA BARAT;3278;KOTA TASIKMALAYA;MAKANAN, MINUMAN DAN TEMBAKAU;1;JANUARI;5.17;PERSEN;2024;2
101;32;JAWA BARAT;3278;KOTA TASIKMALAYA;PAKAIAN DAN ALAS KAKI;1;JANUARI;1.05;PERSEN;2024;2
102;32;JAWA BARAT;3278;KOTA TASIKMALAYA;PERUMAHAN, AIR, LISTRIK DAN BAHAN BAKAR RUMAH TANGGA;1;JANUARI;1.55;PERSEN;2024;2
103;32;JAWA BARAT;3278;KOTA TASIKMALAYA;PERLENGKAPAN, PERALATAN DAN PEMELIHARAAN RUTIN RUMAH TANGGA;1;JANUARI;0.05;PERSEN;2024;2
104;32;JAWA BARAT;3278;KOTA TASIKMALAYA;KESEHATAN;1;JANUARI;1.0;PERSEN;2024;2
105;32;JAWA BARAT;3278;KOTA TASIKMALAYA;TRANSPORTASI;1;JANUARI;0.62;PERSEN;2024;2
106;32;JAWA BARAT;3278;KOTA TASIKMALAYA;INFORMASI, KOMUNIKASI DAN JASA KEUANGAN;1;JANUARI;-0.93;PERSEN;2024;2
107;32;JAWA BARAT;3278;KOTA TASIKMALAYA;REKREASI, OLAHRAGA DAN BUDAYA;1;JANUARI;2.43;PERSEN;2024;2
108;32;JAWA BARAT;3278;KOTA TASIKMALAYA;PENDIDIKAN;1;JANUARI;2.63;PERSEN;2024;2
109;32;JAWA BARAT;3278;KOTA TASIKMALAYA;PENYEDIAAN MAKANAN DAN MINUMAN/ RESTORAN;1;JANUARI;0.54;PERSEN;2024;2
110;32;JAWA BARAT;3278;KOTA TASIKMALAYA;PERAWATAN PRIBADI DA JASA LAINNYA;1;JANUARI;0.92;PERSEN;2024;2
111;32;JAWA BARAT;3204;KABUPATEN BANDUNG;MAKANAN, MINUMAN DAN TEMBAKAU;2;FEBRUARI;7.01;PERSEN;2024;5
112;32;JAWA BARAT;3204;KABUPATEN BANDUNG;PAKAIAN DAN ALAS KAKI;2;FEBRUARI;-0.58;PERSEN;2024;5
113;32;JAWA BARAT;3204;KABUPATEN BANDUNG;PERUMAHAN, AIR, LISTRIK DAN BAHAN BAKAR RUMAH TANGGA;2;FEBRUARI;0.91;PERSEN;2024;5
114;32;JAWA BARAT;3204;KABUPATEN BANDUNG;PERLENGKAPAN, PERALATAN DAN PEMELIHARAAN RUTIN RUMAH TANGGA;2;FEBRUARI;2.11;PERSEN;2024;5
115;32;JAWA BARAT;3204;KABUPATEN BANDUNG;KESEHATAN;2;FEBRUARI;3.82;PERSEN;2024;5
116;32;JAWA BARAT;3204;KABUPATEN BANDUNG;TRANSPORTASI;2;FEBRUARI;-0.14;PERSEN;2024;5
117;32;JAWA BARAT;3204;KABUPATEN BANDUNG;INFORMASI, KOMUNIKASI DAN JASA KEUANGAN;2;FEBRUARI;-0.95;PERSEN;2024;5
118;32;JAWA BARAT;3204;KABUPATEN BANDUNG;REKREASI, OLAHRAGA DAN BUDAYA;2;FEBRUARI;1.26;PERSEN;2024;5
119;32;JAWA BARAT;3204;KABUPATEN BANDUNG;PENDIDIKAN;2;FEBRUARI;0.4;PERSEN;2024;5
120;32;JAWA BARAT;3204;KABUPATEN BANDUNG;PENYEDIAAN MAKANAN DAN MINUMAN/ RESTORAN;2;FEBRUARI;7.8;PERSEN;2024;5
121;32;JAWA BARAT;3204;KABUPATEN BANDUNG;PERAWATAN PRIBADI DA JASA LAINNYA;2;FEBRUARI;6.39;PERSEN;2024;5
122;32;JAWA BARAT;3210;KABUPATEN MAJALENGKA;MAKANAN, MINUMAN DAN TEMBAKAU;2;FEBRUARI;6.57;PERSEN;2024;5
123;32;JAWA BARAT;3210;KABUPATEN MAJALENGKA;PAKAIAN DAN ALAS KAKI;2;FEBRUARI;2.67;PERSEN;2024;5
124;32;JAWA BARAT;3210;KABUPATEN MAJALENGKA;PERUMAHAN, AIR, LISTRIK DAN BAHAN BAKAR RUMAH TANGGA;2;FEBRUARI;0.57;PERSEN;2024;5
125;32;JAWA BARAT;3210;KABUPATEN MAJALENGKA;PERLENGKAPAN, PERALATAN DAN PEMELIHARAAN RUTIN RUMAH TANGGA;2;FEBRUARI;-1.56;PERSEN;2024;5
126;32;JAWA BARAT;3210;KABUPATEN MAJALENGKA;KESEHATAN;2;FEBRUARI;0.54;PERSEN;2024;5
127;32;JAWA BARAT;3210;KABUPATEN MAJALENGKA;TRANSPORTASI;2;FEBRUARI;0.94;PERSEN;2024;5
128;32;JAWA BARAT;3210;KABUPATEN MAJALENGKA;INFORMASI, KOMUNIKASI DAN JASA KEUANGAN;2;FEBRUARI;-0.96;PERSEN;2024;5
129;32;JAWA BARAT;3210;KABUPATEN MAJALENGKA;REKREASI, OLAHRAGA DAN BUDAYA;2;FEBRUARI;0.17;PERSEN;2024;5
130;32;JAWA BARAT;3210;KABUPATEN MAJALENGKA;PENDIDIKAN;2;FEBRUARI;0.81;PERSEN;2024;5
131;32;JAWA BARAT;3210;KABUPATEN MAJALENGKA;PENYEDIAAN MAKANAN DAN MINUMAN/ RESTORAN;2;FEBRUARI;2.92;PERSEN;2024;5
132;32;JAWA BARAT;3210;KABUPATEN MAJALENGKA;PERAWATAN PRIBADI DA JASA LAINNYA;2;FEBRUARI;0.61;PERSEN;2024;5
133;32;JAWA BARAT;3213;KABUPATEN SUBANG;MAKANAN, MINUMAN DAN TEMBAKAU;2;FEBRUARI;7.77;PERSEN;2024;5
134;32;JAWA BARAT;3213;KABUPATEN SUBANG;PAKAIAN DAN ALAS KAKI;2;FEBRUARI;0.75;PERSEN;2024;5
135;32;JAWA BARAT;3213;KABUPATEN SUBANG;PERUMAHAN, AIR, LISTRIK DAN BAHAN BAKAR RUMAH TANGGA;2;FEBRUARI;1.43;PERSEN;2024;5
136;32;JAWA BARAT;3213;KABUPATEN SUBANG;PERLENGKAPAN, PERALATAN DAN PEMELIHARAAN RUTIN RUMAH TANGGA;2;FEBRUARI;0.59;PERSEN;2024;5
137;32;JAWA BARAT;3213;KABUPATEN SUBANG;KESEHATAN;2;FEBRUARI;1.21;PERSEN;2024;5
138;32;JAWA BARAT;3213;KABUPATEN SUBANG;TRANSPORTASI;2;FEBRUARI;0.99;PERSEN;2024;5
139;32;JAWA BARAT;3213;KABUPATEN SUBANG;INFORMASI, KOMUNIKASI DAN JASA KEUANGAN;2;FEBRUARI;-0.35;PERSEN;2024;5
140;32;JAWA BARAT;3213;KABUPATEN SUBANG;REKREASI, OLAHRAGA DAN BUDAYA;2;FEBRUARI;6.44;PERSEN;2024;5
141;32;JAWA BARAT;3213;KABUPATEN SUBANG;PENDIDIKAN;2;FEBRUARI;0.82;PERSEN;2024;5
142;32;JAWA BARAT;3213;KABUPATEN SUBANG;PENYEDIAAN MAKANAN DAN MINUMAN/ RESTORAN;2;FEBRUARI;4.99;PERSEN;2024;5
143;32;JAWA BARAT;3213;KABUPATEN SUBANG;PERAWATAN PRIBADI DA JASA LAINNYA;2;FEBRUARI;9.25;PERSEN;2024;5
144;32;JAWA BARAT;3271;KOTA BOGOR;MAKANAN, MINUMAN DAN TEMBAKAU;2;FEBRUARI;6.59;PERSEN;2024;2
145;32;JAWA BARAT;3271;KOTA BOGOR;PAKAIAN DAN ALAS KAKI;2;FEBRUARI;4.21;PERSEN;2024;2
146;32;JAWA BARAT;3271;KOTA BOGOR;PERUMAHAN, AIR, LISTRIK DAN BAHAN BAKAR RUMAH TANGGA;2;FEBRUARI;2.35;PERSEN;2024;2
147;32;JAWA BARAT;3271;KOTA BOGOR;PERLENGKAPAN, PERALATAN DAN PEMELIHARAAN RUTIN RUMAH TANGGA;2;FEBRUARI;0.34;PERSEN;2024;2
148;32;JAWA BARAT;3271;KOTA BOGOR;KESEHATAN;2;FEBRUARI;1.35;PERSEN;2024;2
149;32;JAWA BARAT;3271;KOTA BOGOR;TRANSPORTASI;2;FEBRUARI;1.56;PERSEN;2024;2
150;32;JAWA BARAT;3271;KOTA BOGOR;INFORMASI, KOMUNIKASI DAN JASA KEUANGAN;2;FEBRUARI;0.58;PERSEN;2024;2
151;32;JAWA BARAT;3271;KOTA BOGOR;REKREASI, OLAHRAGA DAN BUDAYA;2;FEBRUARI;0.73;PERSEN;2024;2
152;32;JAWA BARAT;3271;KOTA BOGOR;PENDIDIKAN;2;FEBRUARI;0.84;PERSEN;2024;2
153;32;JAWA BARAT;3271;KOTA BOGOR;PENYEDIAAN MAKANAN DAN MINUMAN/ RESTORAN;2;FEBRUARI;0.73;PERSEN;2024;2
154;32;JAWA BARAT;3271;KOTA BOGOR;PERAWATAN PRIBADI DA JASA LAINNYA;2;FEBRUARI;5.68;PERSEN;2024;2
155;32;JAWA BARAT;3272;KOTA SUKABUMI;MAKANAN, MINUMAN DAN TEMBAKAU;2;FEBRUARI;6.52;PERSEN;2024;2
156;32;JAWA BARAT;3272;KOTA SUKABUMI;PAKAIAN DAN ALAS KAKI;2;FEBRUARI;2.66;PERSEN;2024;2
157;32;JAWA BARAT;3272;KOTA SUKABUMI;PERUMAHAN, AIR, LISTRIK DAN BAHAN BAKAR RUMAH TANGGA;2;FEBRUARI;0.28;PERSEN;2024;2
158;32;JAWA BARAT;3272;KOTA SUKABUMI;PERLENGKAPAN, PERALATAN DAN PEMELIHARAAN RUTIN RUMAH TANGGA;2;FEBRUARI;0.87;PERSEN;2024;2
159;32;JAWA BARAT;3272;KOTA SUKABUMI;KESEHATAN;2;FEBRUARI;4.13;PERSEN;2024;2
160;32;JAWA BARAT;3272;KOTA SUKABUMI;TRANSPORTASI;2;FEBRUARI;0.62;PERSEN;2024;2
161;32;JAWA BARAT;3272;KOTA SUKABUMI;INFORMASI, KOMUNIKASI DAN JASA KEUANGAN;2;FEBRUARI;-0.07;PERSEN;2024;2
162;32;JAWA BARAT;3272;KOTA SUKABUMI;REKREASI, OLAHRAGA DAN BUDAYA;2;FEBRUARI;1.48;PERSEN;2024;2
163;32;JAWA BARAT;3272;KOTA SUKABUMI;PENDIDIKAN;2;FEBRUARI;0.09;PERSEN;2024;2
164;32;JAWA BARAT;3272;KOTA SUKABUMI;PENYEDIAAN MAKANAN DAN MINUMAN/ RESTORAN;2;FEBRUARI;1.0;PERSEN;2024;2
165;32;JAWA BARAT;3272;KOTA SUKABUMI;PERAWATAN PRIBADI DA JASA LAINNYA;2;FEBRUARI;4.25;PERSEN;2024;2
166;32;JAWA BARAT;3273;KOTA BANDUNG;MAKANAN, MINUMAN DAN TEMBAKAU;2;FEBRUARI;6.18;PERSEN;2024;2
167;32;JAWA BARAT;3273;KOTA BANDUNG;PAKAIAN DAN ALAS KAKI;2;FEBRUARI;0.84;PERSEN;2024;2
168;32;JAWA BARAT;3273;KOTA BANDUNG;PERUMAHAN, AIR, LISTRIK DAN BAHAN BAKAR RUMAH TANGGA;2;FEBRUARI;-1.51;PERSEN;2024;2
169;32;JAWA BARAT;3273;KOTA BANDUNG;PERLENGKAPAN, PERALATAN DAN PEMELIHARAAN RUTIN RUMAH TANGGA;2;FEBRUARI;-1.06;PERSEN;2024;2
170;32;JAWA BARAT;3273;KOTA BANDUNG;KESEHATAN;2;FEBRUARI;3.87;PERSEN;2024;2
171;32;JAWA BARAT;3273;KOTA BANDUNG;TRANSPORTASI;2;FEBRUARI;0.6;PERSEN;2024;2
172;32;JAWA BARAT;3273;KOTA BANDUNG;INFORMASI, KOMUNIKASI DAN JASA KEUANGAN;2;FEBRUARI;-0.01;PERSEN;2024;2
173;32;JAWA BARAT;3273;KOTA BANDUNG;REKREASI, OLAHRAGA DAN BUDAYA;2;FEBRUARI;0.27;PERSEN;2024;2
174;32;JAWA BARAT;3273;KOTA BANDUNG;PENDIDIKAN;2;FEBRUARI;0.42;PERSEN;2024;2
175;32;JAWA BARAT;3273;KOTA BANDUNG;PENYEDIAAN MAKANAN DAN MINUMAN/ RESTORAN;2;FEBRUARI;1.68;PERSEN;2024;2
176;32;JAWA BARAT;3273;KOTA BANDUNG;PERAWATAN PRIBADI DA JASA LAINNYA;2;FEBRUARI;3.56;PERSEN;2024;2
177;32;JAWA BARAT;3274;KOTA CIREBON;MAKANAN, MINUMAN DAN TEMBAKAU;2;FEBRUARI;5.59;PERSEN;2024;2
178;32;JAWA BARAT;3274;KOTA CIREBON;PAKAIAN DAN ALAS KAKI;2;FEBRUARI;0.97;PERSEN;2024;2
179;32;JAWA BARAT;3274;KOTA CIREBON;PERUMAHAN, AIR, LISTRIK DAN BAHAN BAKAR RUMAH TANGGA;2;FEBRUARI;0.27;PERSEN;2024;2
180;32;JAWA BARAT;3274;KOTA CIREBON;PERLENGKAPAN, PERALATAN DAN PEMELIHARAAN RUTIN RUMAH TANGGA;2;FEBRUARI;0.8;PERSEN;2024;2
181;32;JAWA BARAT;3274;KOTA CIREBON;KESEHATAN;2;FEBRUARI;0.5;PERSEN;2024;2
182;32;JAWA BARAT;3274;KOTA CIREBON;TRANSPORTASI;2;FEBRUARI;0.42;PERSEN;2024;2
183;32;JAWA BARAT;3274;KOTA CIREBON;INFORMASI, KOMUNIKASI DAN JASA KEUANGAN;2;FEBRUARI;0.16;PERSEN;2024;2
184;32;JAWA BARAT;3274;KOTA CIREBON;REKREASI, OLAHRAGA DAN BUDAYA;2;FEBRUARI;1.32;PERSEN;2024;2
185;32;JAWA BARAT;3274;KOTA CIREBON;PENDIDIKAN;2;FEBRUARI;1.42;PERSEN;2024;2
186;32;JAWA BARAT;3274;KOTA CIREBON;PENYEDIAAN MAKANAN DAN MINUMAN/ RESTORAN;2;FEBRUARI;0.72;PERSEN;2024;2
187;32;JAWA BARAT;3274;KOTA CIREBON;PERAWATAN PRIBADI DA JASA LAINNYA;2;FEBRUARI;1.48;PERSEN;2024;2
188;32;JAWA BARAT;3275;KOTA BEKASI;MAKANAN, MINUMAN DAN TEMBAKAU;2;FEBRUARI;8.53;PERSEN;2024;2
189;32;JAWA BARAT;3275;KOTA BEKASI;PAKAIAN DAN ALAS KAKI;2;FEBRUARI;1.56;PERSEN;2024;2
190;32;JAWA BARAT;3275;KOTA BEKASI;PERUMAHAN, AIR, LISTRIK DAN BAHAN BAKAR RUMAH TANGGA;2;FEBRUARI;-0.22;PERSEN;2024;2
191;32;JAWA BARAT;3275;KOTA BEKASI;PERLENGKAPAN, PERALATAN DAN PEMELIHARAAN RUTIN RUMAH TANGGA;2;FEBRUARI;1.16;PERSEN;2024;2
192;32;JAWA BARAT;3275;KOTA BEKASI;KESEHATAN;2;FEBRUARI;4.39;PERSEN;2024;2
193;32;JAWA BARAT;3275;KOTA BEKASI;TRANSPORTASI;2;FEBRUARI;1.15;PERSEN;2024;2
194;32;JAWA BARAT;3275;KOTA BEKASI;INFORMASI, KOMUNIKASI DAN JASA KEUANGAN;2;FEBRUARI;-0.04;PERSEN;2024;2
195;32;JAWA BARAT;3275;KOTA BEKASI;REKREASI, OLAHRAGA DAN BUDAYA;2;FEBRUARI;9.01;PERSEN;2024;2
196;32;JAWA BARAT;3275;KOTA BEKASI;PENDIDIKAN;2;FEBRUARI;2.27;PERSEN;2024;2
197;32;JAWA BARAT;3275;KOTA BEKASI;PENYEDIAAN MAKANAN DAN MINUMAN/ RESTORAN;2;FEBRUARI;4.46;PERSEN;2024;2
198;32;JAWA BARAT;3275;KOTA BEKASI;PERAWATAN PRIBADI DA JASA LAINNYA;2;FEBRUARI;3.48;PERSEN;2024;2
199;32;JAWA BARAT;3276;KOTA DEPOK;MAKANAN, MINUMAN DAN TEMBAKAU;2;FEBRUARI;4.68;PERSEN;2024;2
200;32;JAWA BARAT;3276;KOTA DEPOK;PAKAIAN DAN ALAS KAKI;2;FEBRUARI;0.79;PERSEN;2024;2
201;32;JAWA BARAT;3276;KOTA DEPOK;PERUMAHAN, AIR, LISTRIK DAN BAHAN BAKAR RUMAH TANGGA;2;FEBRUARI;1.2;PERSEN;2024;2
202;32;JAWA BARAT;3276;KOTA DEPOK;PERLENGKAPAN, PERALATAN DAN PEMELIHARAAN RUTIN RUMAH TANGGA;2;FEBRUARI;1.31;PERSEN;2024;2
203;32;JAWA BARAT;3276;KOTA DEPOK;KESEHATAN;2;FEBRUARI;0.63;PERSEN;2024;2
204;32;JAWA BARAT;3276;KOTA DEPOK;TRANSPORTASI;2;FEBRUARI;0.69;PERSEN;2024;2
205;32;JAWA BARAT;3276;KOTA DEPOK;INFORMASI, KOMUNIKASI DAN JASA KEUANGAN;2;FEBRUARI;-0.64;PERSEN;2024;2
206;32;JAWA BARAT;3276;KOTA DEPOK;REKREASI, OLAHRAGA DAN BUDAYA;2;FEBRUARI;6.7;PERSEN;2024;2
207;32;JAWA BARAT;3276;KOTA DEPOK;PENDIDIKAN;2;FEBRUARI;2.18;PERSEN;2024;2
208;32;JAWA BARAT;3276;KOTA DEPOK;PENYEDIAAN MAKANAN DAN MINUMAN/ RESTORAN;2;FEBRUARI;2.02;PERSEN;2024;2
209;32;JAWA BARAT;3276;KOTA DEPOK;PERAWATAN PRIBADI DA JASA LAINNYA;2;FEBRUARI;4.71;PERSEN;2024;2
210;32;JAWA BARAT;3278;KOTA TASIKMALAYA;MAKANAN, MINUMAN DAN TEMBAKAU;2;FEBRUARI;6.65;PERSEN;2024;2
211;32;JAWA BARAT;3278;KOTA TASIKMALAYA;PAKAIAN DAN ALAS KAKI;2;FEBRUARI;1.16;PERSEN;2024;2
212;32;JAWA BARAT;3278;KOTA TASIKMALAYA;PERUMAHAN, AIR, LISTRIK DAN BAHAN BAKAR RUMAH TANGGA;2;FEBRUARI;1.57;PERSEN;2024;2
213;32;JAWA BARAT;3278;KOTA TASIKMALAYA;PERLENGKAPAN, PERALATAN DAN PEMELIHARAAN RUTIN RUMAH TANGGA;2;FEBRUARI;0.03;PERSEN;2024;2
214;32;JAWA BARAT;3278;KOTA TASIKMALAYA;KESEHATAN;2;FEBRUARI;1.01;PERSEN;2024;2
215;32;JAWA BARAT;3278;KOTA TASIKMALAYA;TRANSPORTASI;2;FEBRUARI;0.62;PERSEN;2024;2
216;32;JAWA BARAT;3278;KOTA TASIKMALAYA;INFORMASI, KOMUNIKASI DAN JASA KEUANGAN;2;FEBRUARI;-0.98;PERSEN;2024;2
217;32;JAWA BARAT;3278;KOTA TASIKMALAYA;REKREASI, OLAHRAGA DAN BUDAYA;2;FEBRUARI;2.48;PERSEN;2024;2
218;32;JAWA BARAT;3278;KOTA TASIKMALAYA;PENDIDIKAN;2;FEBRUARI;2.63;PERSEN;2024;2
219;32;JAWA BARAT;3278;KOTA TASIKMALAYA;PENYEDIAAN MAKANAN DAN MINUMAN/ RESTORAN;2;FEBRUARI;0.54;PERSEN;2024;2
220;32;JAWA BARAT;3278;KOTA TASIKMALAYA;PERAWATAN PRIBADI DA JASA LAINNYA;2;FEBRUARI;1.02;PERSEN;2024;2
221;32;JAWA BARAT;3204;KABUPATEN BANDUNG;MAKANAN, MINUMAN DAN TEMBAKAU;3;MARET;7.68;PERSEN;2024;5
222;32;JAWA BARAT;3204;KABUPATEN BANDUNG;PAKAIAN DAN ALAS KAKI;3;MARET;-0.66;PERSEN;2024;5
223;32;JAWA BARAT;3204;KABUPATEN BANDUNG;PERUMAHAN, AIR, LISTRIK DAN BAHAN BAKAR RUMAH TANGGA;3;MARET;0.88;PERSEN;2024;5
224;32;JAWA BARAT;3204;KABUPATEN BANDUNG;PERLENGKAPAN, PERALATAN DAN PEMELIHARAAN RUTIN RUMAH TANGGA;3;MARET;2.02;PERSEN;2024;5
225;32;JAWA BARAT;3204;KABUPATEN BANDUNG;KESEHATAN;3;MARET;3.82;PERSEN;2024;5
226;32;JAWA BARAT;3204;KABUPATEN BANDUNG;TRANSPORTASI;3;MARET;-0.16;PERSEN;2024;5
227;32;JAWA BARAT;3204;KABUPATEN BANDUNG;INFORMASI, KOMUNIKASI DAN JASA KEUANGAN;3;MARET;-0.95;PERSEN;2024;5
228;32;JAWA BARAT;3204;KABUPATEN BANDUNG;REKREASI, OLAHRAGA DAN BUDAYA;3;MARET;1.26;PERSEN;2024;5
229;32;JAWA BARAT;3204;KABUPATEN BANDUNG;PENDIDIKAN;3;MARET;0.4;PERSEN;2024;5
230;32;JAWA BARAT;3204;KABUPATEN BANDUNG;PENYEDIAAN MAKANAN DAN MINUMAN/ RESTORAN;3;MARET;7.8;PERSEN;2024;5
231;32;JAWA BARAT;3204;KABUPATEN BANDUNG;PERAWATAN PRIBADI DA JASA LAINNYA;3;MARET;6.44;PERSEN;2024;5
232;32;JAWA BARAT;3210;KABUPATEN MAJALENGKA;MAKANAN, MINUMAN DAN TEMBAKAU;3;MARET;7.27;PERSEN;2024;5
233;32;JAWA BARAT;3210;KABUPATEN MAJALENGKA;PAKAIAN DAN ALAS KAKI;3;MARET;3.01;PERSEN;2024;5
234;32;JAWA BARAT;3210;KABUPATEN MAJALENGKA;PERUMAHAN, AIR, LISTRIK DAN BAHAN BAKAR RUMAH TANGGA;3;MARET;0.48;PERSEN;2024;5
235;32;JAWA BARAT;3210;KABUPATEN MAJALENGKA;PERLENGKAPAN, PERALATAN DAN PEMELIHARAAN RUTIN RUMAH TANGGA;3;MARET;-1.28;PERSEN;2024;5
236;32;JAWA BARAT;3210;KABUPATEN MAJALENGKA;KESEHATAN;3;MARET;1.31;PERSEN;2024;5
237;32;JAWA BARAT;3210;KABUPATEN MAJALENGKA;TRANSPORTASI;3;MARET;0.89;PERSEN;2024;5
238;32;JAWA BARAT;3210;KABUPATEN MAJALENGKA;INFORMASI, KOMUNIKASI DAN JASA KEUANGAN;3;MARET;-0.71;PERSEN;2024;5
239;32;JAWA BARAT;3210;KABUPATEN MAJALENGKA;REKREASI, OLAHRAGA DAN BUDAYA;3;MARET;0.21;PERSEN;2024;5
240;32;JAWA BARAT;3210;KABUPATEN MAJALENGKA;PENDIDIKAN;3;MARET;0.81;PERSEN;2024;5
241;32;JAWA BARAT;3210;KABUPATEN MAJALENGKA;PENYEDIAAN MAKANAN DAN MINUMAN/ RESTORAN;3;MARET;2.95;PERSEN;2024;5
242;32;JAWA BARAT;3210;KABUPATEN MAJALENGKA;PERAWATAN PRIBADI DA JASA LAINNYA;3;MARET;0.52;PERSEN;2024;5
243;32;JAWA BARAT;3213;KABUPATEN SUBANG;MAKANAN, MINUMAN DAN TEMBAKAU;3;MARET;8.3;PERSEN;2024;5
244;32;JAWA BARAT;3213;KABUPATEN SUBANG;PAKAIAN DAN ALAS KAKI;3;MARET;-0.2;PERSEN;2024;5
245;32;JAWA BARAT;3213;KABUPATEN SUBANG;PERUMAHAN, AIR, LISTRIK DAN BAHAN BAKAR RUMAH TANGGA;3;MARET;1.15;PERSEN;2024;5
246;32;JAWA BARAT;3213;KABUPATEN SUBANG;PERLENGKAPAN, PERALATAN DAN PEMELIHARAAN RUTIN RUMAH TANGGA;3;MARET;0.94;PERSEN;2024;5
247;32;JAWA BARAT;3213;KABUPATEN SUBANG;KESEHATAN;3;MARET;1.55;PERSEN;2024;5
248;32;JAWA BARAT;3213;KABUPATEN SUBANG;TRANSPORTASI;3;MARET;1.09;PERSEN;2024;5
249;32;JAWA BARAT;3213;KABUPATEN SUBANG;INFORMASI, KOMUNIKASI DAN JASA KEUANGAN;3;MARET;-0.41;PERSEN;2024;5
250;32;JAWA BARAT;3213;KABUPATEN SUBANG;REKREASI, OLAHRAGA DAN BUDAYA;3;MARET;5.82;PERSEN;2024;5
251;32;JAWA BARAT;3213;KABUPATEN SUBANG;PENDIDIKAN;3;MARET;0.82;PERSEN;2024;5
252;32;JAWA BARAT;3213;KABUPATEN SUBANG;PENYEDIAAN MAKANAN DAN MINUMAN/ RESTORAN;3;MARET;4.99;PERSEN;2024;5
253;32;JAWA BARAT;3213;KABUPATEN SUBANG;PERAWATAN PRIBADI DA JASA LAINNYA;3;MARET;9.41;PERSEN;2024;5
254;32;JAWA BARAT;3271;KOTA BOGOR;MAKANAN, MINUMAN DAN TEMBAKAU;3;MARET;7.99;PERSEN;2024;2
255;32;JAWA BARAT;3271;KOTA BOGOR;PAKAIAN DAN ALAS KAKI;3;MARET;3.16;PERSEN;2024;2
256;32;JAWA BARAT;3271;KOTA BOGOR;PERUMAHAN, AIR, LISTRIK DAN BAHAN BAKAR RUMAH TANGGA;3;MARET;2.35;PERSEN;2024;2
257;32;JAWA BARAT;3271;KOTA BOGOR;PERLENGKAPAN, PERALATAN DAN PEMELIHARAAN RUTIN RUMAH TANGGA;3;MARET;0.4;PERSEN;2024;2
258;32;JAWA BARAT;3271;KOTA BOGOR;KESEHATAN;3;MARET;1.56;PERSEN;2024;2
259;32;JAWA BARAT;3271;KOTA BOGOR;TRANSPORTASI;3;MARET;1.57;PERSEN;2024;2
260;32;JAWA BARAT;3271;KOTA BOGOR;INFORMASI, KOMUNIKASI DAN JASA KEUANGAN;3;MARET;0.52;PERSEN;2024;2
261;32;JAWA BARAT;3271;KOTA BOGOR;REKREASI, OLAHRAGA DAN BUDAYA;3;MARET;0.76;PERSEN;2024;2
262;32;JAWA BARAT;3271;KOTA BOGOR;PENDIDIKAN;3;MARET;0.84;PERSEN;2024;2
263;32;JAWA BARAT;3271;KOTA BOGOR;PENYEDIAAN MAKANAN DAN MINUMAN/ RESTORAN;3;MARET;0.54;PERSEN;2024;2
264;32;JAWA BARAT;3271;KOTA BOGOR;PERAWATAN PRIBADI DA JASA LAINNYA;3;MARET;5.71;PERSEN;2024;2
265;32;JAWA BARAT;3272;KOTA SUKABUMI;MAKANAN, MINUMAN DAN TEMBAKAU;3;MARET;7.71;PERSEN;2024;2
266;32;JAWA BARAT;3272;KOTA SUKABUMI;PAKAIAN DAN ALAS KAKI;3;MARET;2.31;PERSEN;2024;2
267;32;JAWA BARAT;3272;KOTA SUKABUMI;PERUMAHAN, AIR, LISTRIK DAN BAHAN BAKAR RUMAH TANGGA;3;MARET;0.73;PERSEN;2024;2
268;32;JAWA BARAT;3272;KOTA SUKABUMI;PERLENGKAPAN, PERALATAN DAN PEMELIHARAAN RUTIN RUMAH TANGGA;3;MARET;0.93;PERSEN;2024;2
269;32;JAWA BARAT;3272;KOTA SUKABUMI;KESEHATAN;3;MARET;4.26;PERSEN;2024;2
270;32;JAWA BARAT;3272;KOTA SUKABUMI;TRANSPORTASI;3;MARET;0.49;PERSEN;2024;2
271;32;JAWA BARAT;3272;KOTA SUKABUMI;INFORMASI, KOMUNIKASI DAN JASA KEUANGAN;3;MARET;-0.18;PERSEN;2024;2
272;32;JAWA BARAT;3272;KOTA SUKABUMI;REKREASI, OLAHRAGA DAN BUDAYA;3;MARET;2.92;PERSEN;2024;2
273;32;JAWA BARAT;3272;KOTA SUKABUMI;PENDIDIKAN;3;MARET;0.09;PERSEN;2024;2
274;32;JAWA BARAT;3272;KOTA SUKABUMI;PENYEDIAAN MAKANAN DAN MINUMAN/ RESTORAN;3;MARET;2.09;PERSEN;2024;2
275;32;JAWA BARAT;3272;KOTA SUKABUMI;PERAWATAN PRIBADI DA JASA LAINNYA;3;MARET;4.64;PERSEN;2024;2
276;32;JAWA BARAT;3273;KOTA BANDUNG;MAKANAN, MINUMAN DAN TEMBAKAU;3;MARET;6.91;PERSEN;2024;2
277;32;JAWA BARAT;3273;KOTA BANDUNG;PAKAIAN DAN ALAS KAKI;3;MARET;0.87;PERSEN;2024;2
278;32;JAWA BARAT;3273;KOTA BANDUNG;PERUMAHAN, AIR, LISTRIK DAN BAHAN BAKAR RUMAH TANGGA;3;MARET;-0.1;PERSEN;2024;2
279;32;JAWA BARAT;3273;KOTA BANDUNG;PERLENGKAPAN, PERALATAN DAN PEMELIHARAAN RUTIN RUMAH TANGGA;3;MARET;-0.72;PERSEN;2024;2
280;32;JAWA BARAT;3273;KOTA BANDUNG;KESEHATAN;3;MARET;3.87;PERSEN;2024;2
281;32;JAWA BARAT;3273;KOTA BANDUNG;TRANSPORTASI;3;MARET;0.2;PERSEN;2024;2
282;32;JAWA BARAT;3273;KOTA BANDUNG;INFORMASI, KOMUNIKASI DAN JASA KEUANGAN;3;MARET;0.02;PERSEN;2024;2
283;32;JAWA BARAT;3273;KOTA BANDUNG;REKREASI, OLAHRAGA DAN BUDAYA;3;MARET;0.76;PERSEN;2024;2
284;32;JAWA BARAT;3273;KOTA BANDUNG;PENDIDIKAN;3;MARET;0.43;PERSEN;2024;2
285;32;JAWA BARAT;3273;KOTA BANDUNG;PENYEDIAAN MAKANAN DAN MINUMAN/ RESTORAN;3;MARET;2.27;PERSEN;2024;2
286;32;JAWA BARAT;3273;KOTA BANDUNG;PERAWATAN PRIBADI DA JASA LAINNYA;3;MARET;4.23;PERSEN;2024;2
287;32;JAWA BARAT;3274;KOTA CIREBON;MAKANAN, MINUMAN DAN TEMBAKAU;3;MARET;7.07;PERSEN;2024;2
288;32;JAWA BARAT;3274;KOTA CIREBON;PAKAIAN DAN ALAS KAKI;3;MARET;1.15;PERSEN;2024;2
289;32;JAWA BARAT;3274;KOTA CIREBON;PERUMAHAN, AIR, LISTRIK DAN BAHAN BAKAR RUMAH TANGGA;3;MARET;0.65;PERSEN;2024;2
290;32;JAWA BARAT;3274;KOTA CIREBON;PERLENGKAPAN, PERALATAN DAN PEMELIHARAAN RUTIN RUMAH TANGGA;3;MARET;0.87;PERSEN;2024;2
291;32;JAWA BARAT;3274;KOTA CIREBON;KESEHATAN;3;MARET;0.53;PERSEN;2024;2
292;32;JAWA BARAT;3274;KOTA CIREBON;TRANSPORTASI;3;MARET;0.14;PERSEN;2024;2
293;32;JAWA BARAT;3274;KOTA CIREBON;INFORMASI, KOMUNIKASI DAN JASA KEUANGAN;3;MARET;0.16;PERSEN;2024;2
294;32;JAWA BARAT;3274;KOTA CIREBON;REKREASI, OLAHRAGA DAN BUDAYA;3;MARET;1.28;PERSEN;2024;2
295;32;JAWA BARAT;3274;KOTA CIREBON;PENDIDIKAN;3;MARET;1.42;PERSEN;2024;2
296;32;JAWA BARAT;3274;KOTA CIREBON;PENYEDIAAN MAKANAN DAN MINUMAN/ RESTORAN;3;MARET;0.75;PERSEN;2024;2
297;32;JAWA BARAT;3274;KOTA CIREBON;PERAWATAN PRIBADI DA JASA LAINNYA;3;MARET;1.48;PERSEN;2024;2
298;32;JAWA BARAT;3275;KOTA BEKASI;MAKANAN, MINUMAN DAN TEMBAKAU;3;MARET;9.94;PERSEN;2024;2
299;32;JAWA BARAT;3275;KOTA BEKASI;PAKAIAN DAN ALAS KAKI;3;MARET;1.77;PERSEN;2024;2
300;32;JAWA BARAT;3275;KOTA BEKASI;PERUMAHAN, AIR, LISTRIK DAN BAHAN BAKAR RUMAH TANGGA;3;MARET;-0.27;PERSEN;2024;2
301;32;JAWA BARAT;3275;KOTA BEKASI;PERLENGKAPAN, PERALATAN DAN PEMELIHARAAN RUTIN RUMAH TANGGA;3;MARET;1.27;PERSEN;2024;2
302;32;JAWA BARAT;3275;KOTA BEKASI;KESEHATAN;3;MARET;4.41;PERSEN;2024;2
303;32;JAWA BARAT;3275;KOTA BEKASI;TRANSPORTASI;3;MARET;0.82;PERSEN;2024;2
304;32;JAWA BARAT;3275;KOTA BEKASI;INFORMASI, KOMUNIKASI DAN JASA KEUANGAN;3;MARET;0.22;PERSEN;2024;2
305;32;JAWA BARAT;3275;KOTA BEKASI;REKREASI, OLAHRAGA DAN BUDAYA;3;MARET;8.81;PERSEN;2024;2
306;32;JAWA BARAT;3275;KOTA BEKASI;PENDIDIKAN;3;MARET;2.27;PERSEN;2024;2
307;32;JAWA BARAT;3275;KOTA BEKASI;PENYEDIAAN MAKANAN DAN MINUMAN/ RESTORAN;3;MARET;4.5;PERSEN;2024;2
308;32;JAWA BARAT;3275;KOTA BEKASI;PERAWATAN PRIBADI DA JASA LAINNYA;3;MARET;5.53;PERSEN;2024;2
309;32;JAWA BARAT;3276;KOTA DEPOK;MAKANAN, MINUMAN DAN TEMBAKAU;3;MARET;5.97;PERSEN;2024;2
310;32;JAWA BARAT;3276;KOTA DEPOK;PAKAIAN DAN ALAS KAKI;3;MARET;0.79;PERSEN;2024;2
311;32;JAWA BARAT;3276;KOTA DEPOK;PERUMAHAN, AIR, LISTRIK DAN BAHAN BAKAR RUMAH TANGGA;3;MARET;1.09;PERSEN;2024;2
312;32;JAWA BARAT;3276;KOTA DEPOK;PERLENGKAPAN, PERALATAN DAN PEMELIHARAAN RUTIN RUMAH TANGGA;3;MARET;1.23;PERSEN;2024;2
313;32;JAWA BARAT;3276;KOTA DEPOK;KESEHATAN;3;MARET;2.05;PERSEN;2024;2
314;32;JAWA BARAT;3276;KOTA DEPOK;TRANSPORTASI;3;MARET;0.15;PERSEN;2024;2
315;32;JAWA BARAT;3276;KOTA DEPOK;INFORMASI, KOMUNIKASI DAN JASA KEUANGAN;3;MARET;-0.66;PERSEN;2024;2
316;32;JAWA BARAT;3276;KOTA DEPOK;REKREASI, OLAHRAGA DAN BUDAYA;3;MARET;6.66;PERSEN;2024;2
317;32;JAWA BARAT;3276;KOTA DEPOK;PENDIDIKAN;3;MARET;2.18;PERSEN;2024;2
318;32;JAWA BARAT;3276;KOTA DEPOK;PENYEDIAAN MAKANAN DAN MINUMAN/ RESTORAN;3;MARET;2.28;PERSEN;2024;2
319;32;JAWA BARAT;3276;KOTA DEPOK;PERAWATAN PRIBADI DA JASA LAINNYA;3;MARET;5.53;PERSEN;2024;2
320;32;JAWA BARAT;3278;KOTA TASIKMALAYA;MAKANAN, MINUMAN DAN TEMBAKAU;3;MARET;8.03;PERSEN;2024;2
321;32;JAWA BARAT;3278;KOTA TASIKMALAYA;PAKAIAN DAN ALAS KAKI;3;MARET;1.73;PERSEN;2024;2
322;32;JAWA BARAT;3278;KOTA TASIKMALAYA;PERUMAHAN, AIR, LISTRIK DAN BAHAN BAKAR RUMAH TANGGA;3;MARET;1.56;PERSEN;2024;2
323;32;JAWA BARAT;3278;KOTA TASIKMALAYA;PERLENGKAPAN, PERALATAN DAN PEMELIHARAAN RUTIN RUMAH TANGGA;3;MARET;0.05;PERSEN;2024;2
324;32;JAWA BARAT;3278;KOTA TASIKMALAYA;KESEHATAN;3;MARET;1.43;PERSEN;2024;2
325;32;JAWA BARAT;3278;KOTA TASIKMALAYA;TRANSPORTASI;3;MARET;0.65;PERSEN;2024;2
326;32;JAWA BARAT;3278;KOTA TASIKMALAYA;INFORMASI, KOMUNIKASI DAN JASA KEUANGAN;3;MARET;-0.98;PERSEN;2024;2
327;32;JAWA BARAT;3278;KOTA TASIKMALAYA;REKREASI, OLAHRAGA DAN BUDAYA;3;MARET;2.49;PERSEN;2024;2
328;32;JAWA BARAT;3278;KOTA TASIKMALAYA;PENDIDIKAN;3;MARET;2.63;PERSEN;2024;2
329;32;JAWA BARAT;3278;KOTA TASIKMALAYA;PENYEDIAAN MAKANAN DAN MINUMAN/ RESTORAN;3;MARET;0.54;PERSEN;2024;2
330;32;JAWA BARAT;3278;KOTA TASIKMALAYA;PERAWATAN PRIBADI DA JASA LAINNYA;3;MARET;2.22;PERSEN;2024;2
331;32;JAWA BARAT;3204;KABUPATEN BANDUNG;MAKANAN, MINUMAN DAN TEMBAKAU;4;APRIL;5.07;PERSEN;2024;5
332;32;JAWA BARAT;3204;KABUPATEN BANDUNG;PAKAIAN DAN ALAS KAKI;4;APRIL;-1.86;PERSEN;2024;5
333;32;JAWA BARAT;3204;KABUPATEN BANDUNG;PERUMAHAN, AIR, LISTRIK DAN BAHAN BAKAR RUMAH TANGGA;4;APRIL;1.08;PERSEN;2024;5
334;32;JAWA BARAT;3204;KABUPATEN BANDUNG;PERLENGKAPAN, PERALATAN DAN PEMELIHARAAN RUTIN RUMAH TANGGA;4;APRIL;2.39;PERSEN;2024;5
335;32;JAWA BARAT;3204;KABUPATEN BANDUNG;KESEHATAN;4;APRIL;4.72;PERSEN;2024;5
336;32;JAWA BARAT;3204;KABUPATEN BANDUNG;TRANSPORTASI;4;APRIL;-0.09;PERSEN;2024;5
337;32;JAWA BARAT;3204;KABUPATEN BANDUNG;INFORMASI, KOMUNIKASI DAN JASA KEUANGAN;4;APRIL;-0.88;PERSEN;2024;5
338;32;JAWA BARAT;3204;KABUPATEN BANDUNG;REKREASI, OLAHRAGA DAN BUDAYA;4;APRIL;1.18;PERSEN;2024;5
339;32;JAWA BARAT;3204;KABUPATEN BANDUNG;PENDIDIKAN;4;APRIL;0.4;PERSEN;2024;5
340;32;JAWA BARAT;3204;KABUPATEN BANDUNG;PENYEDIAAN MAKANAN DAN MINUMAN/ RESTORAN;4;APRIL;7.14;PERSEN;2024;5
341;32;JAWA BARAT;3204;KABUPATEN BANDUNG;PERAWATAN PRIBADI DA JASA LAINNYA;4;APRIL;6.56;PERSEN;2024;5
342;32;JAWA BARAT;3210;KABUPATEN MAJALENGKA;MAKANAN, MINUMAN DAN TEMBAKAU;4;APRIL;5.95;PERSEN;2024;5
343;32;JAWA BARAT;3210;KABUPATEN MAJALENGKA;PAKAIAN DAN ALAS KAKI;4;APRIL;4.13;PERSEN;2024;5
344;32;JAWA BARAT;3210;KABUPATEN MAJALENGKA;PERUMAHAN, AIR, LISTRIK DAN BAHAN BAKAR RUMAH TANGGA;4;APRIL;0.66;PERSEN;2024;5
345;32;JAWA BARAT;3210;KABUPATEN MAJALENGKA;PERLENGKAPAN, PERALATAN DAN PEMELIHARAAN RUTIN RUMAH TANGGA;4;APRIL;-1.12;PERSEN;2024;5
346;32;JAWA BARAT;3210;KABUPATEN MAJALENGKA;KESEHATAN;4;APRIL;1.52;PERSEN;2024;5
347;32;JAWA BARAT;3210;KABUPATEN MAJALENGKA;TRANSPORTASI;4;APRIL;0.98;PERSEN;2024;5
348;32;JAWA BARAT;3210;KABUPATEN MAJALENGKA;INFORMASI, KOMUNIKASI DAN JASA KEUANGAN;4;APRIL;-0.49;PERSEN;2024;5
349;32;JAWA BARAT;3210;KABUPATEN MAJALENGKA;REKREASI, OLAHRAGA DAN BUDAYA;4;APRIL;0.73;PERSEN;2024;5
350;32;JAWA BARAT;3210;KABUPATEN MAJALENGKA;PENDIDIKAN;4;APRIL;0.81;PERSEN;2024;5
351;32;JAWA BARAT;3210;KABUPATEN MAJALENGKA;PENYEDIAAN MAKANAN DAN MINUMAN/ RESTORAN;4;APRIL;1.69;PERSEN;2024;5
352;32;JAWA BARAT;3210;KABUPATEN MAJALENGKA;PERAWATAN PRIBADI DA JASA LAINNYA;4;APRIL;1.84;PERSEN;2024;5
353;32;JAWA BARAT;3213;KABUPATEN SUBANG;MAKANAN, MINUMAN DAN TEMBAKAU;4;APRIL;7.66;PERSEN;2024;5
354;32;JAWA BARAT;3213;KABUPATEN SUBANG;PAKAIAN DAN ALAS KAKI;4;APRIL;-0.2;PERSEN;2024;5
355;32;JAWA BARAT;3213;KABUPATEN SUBANG;PERUMAHAN, AIR, LISTRIK DAN BAHAN BAKAR RUMAH TANGGA;4;APRIL;1.18;PERSEN;2024;5
356;32;JAWA BARAT;3213;KABUPATEN SUBANG;PERLENGKAPAN, PERALATAN DAN PEMELIHARAAN RUTIN RUMAH TANGGA;4;APRIL;0.12;PERSEN;2024;5
357;32;JAWA BARAT;3213;KABUPATEN SUBANG;KESEHATAN;4;APRIL;1.55;PERSEN;2024;5
358;32;JAWA BARAT;3213;KABUPATEN SUBANG;TRANSPORTASI;4;APRIL;1.56;PERSEN;2024;5
359;32;JAWA BARAT;3213;KABUPATEN SUBANG;INFORMASI, KOMUNIKASI DAN JASA KEUANGAN;4;APRIL;-0.66;PERSEN;2024;5
360;32;JAWA BARAT;3213;KABUPATEN SUBANG;REKREASI, OLAHRAGA DAN BUDAYA;4;APRIL;5.78;PERSEN;2024;5
361;32;JAWA BARAT;3213;KABUPATEN SUBANG;PENDIDIKAN;4;APRIL;0.82;PERSEN;2024;5
362;32;JAWA BARAT;3213;KABUPATEN SUBANG;PENYEDIAAN MAKANAN DAN MINUMAN/ RESTORAN;4;APRIL;4.35;PERSEN;2024;5
363;32;JAWA BARAT;3213;KABUPATEN SUBANG;PERAWATAN PRIBADI DA JASA LAINNYA;4;APRIL;8.21;PERSEN;2024;5
364;32;JAWA BARAT;3271;KOTA BOGOR;MAKANAN, MINUMAN DAN TEMBAKAU;4;APRIL;7.55;PERSEN;2024;2
365;32;JAWA BARAT;3271;KOTA BOGOR;PAKAIAN DAN ALAS KAKI;4;APRIL;1.98;PERSEN;2024;2
366;32;JAWA BARAT;3271;KOTA BOGOR;PERUMAHAN, AIR, LISTRIK DAN BAHAN BAKAR RUMAH TANGGA;4;APRIL;2.06;PERSEN;2024;2
367;32;JAWA BARAT;3271;KOTA BOGOR;PERLENGKAPAN, PERALATAN DAN PEMELIHARAAN RUTIN RUMAH TANGGA;4;APRIL;0.17;PERSEN;2024;2
368;32;JAWA BARAT;3271;KOTA BOGOR;KESEHATAN;4;APRIL;1.46;PERSEN;2024;2
369;32;JAWA BARAT;3271;KOTA BOGOR;TRANSPORTASI;4;APRIL;1.75;PERSEN;2024;2
370;32;JAWA BARAT;3271;KOTA BOGOR;INFORMASI, KOMUNIKASI DAN JASA KEUANGAN;4;APRIL;0.5;PERSEN;2024;2
371;32;JAWA BARAT;3271;KOTA BOGOR;REKREASI, OLAHRAGA DAN BUDAYA;4;APRIL;0.26;PERSEN;2024;2
372;32;JAWA BARAT;3271;KOTA BOGOR;PENDIDIKAN;4;APRIL;0.82;PERSEN;2024;2
373;32;JAWA BARAT;3271;KOTA BOGOR;PENYEDIAAN MAKANAN DAN MINUMAN/ RESTORAN;4;APRIL;0.54;PERSEN;2024;2
374;32;JAWA BARAT;3271;KOTA BOGOR;PERAWATAN PRIBADI DA JASA LAINNYA;4;APRIL;7.2;PERSEN;2024;2
375;32;JAWA BARAT;3272;KOTA SUKABUMI;MAKANAN, MINUMAN DAN TEMBAKAU;4;APRIL;7.09;PERSEN;2024;2
376;32;JAWA BARAT;3272;KOTA SUKABUMI;PAKAIAN DAN ALAS KAKI;4;APRIL;2.11;PERSEN;2024;2
377;32;JAWA BARAT;3272;KOTA SUKABUMI;PERUMAHAN, AIR, LISTRIK DAN BAHAN BAKAR RUMAH TANGGA;4;APRIL;0.73;PERSEN;2024;2
378;32;JAWA BARAT;3272;KOTA SUKABUMI;PERLENGKAPAN, PERALATAN DAN PEMELIHARAAN RUTIN RUMAH TANGGA;4;APRIL;0.73;PERSEN;2024;2
379;32;JAWA BARAT;3272;KOTA SUKABUMI;KESEHATAN;4;APRIL;4.21;PERSEN;2024;2
380;32;JAWA BARAT;3272;KOTA SUKABUMI;TRANSPORTASI;4;APRIL;0.31;PERSEN;2024;2
381;32;JAWA BARAT;3272;KOTA SUKABUMI;INFORMASI, KOMUNIKASI DAN JASA KEUANGAN;4;APRIL;-1.79;PERSEN;2024;2
382;32;JAWA BARAT;3272;KOTA SUKABUMI;REKREASI, OLAHRAGA DAN BUDAYA;4;APRIL;3.13;PERSEN;2024;2
383;32;JAWA BARAT;3272;KOTA SUKABUMI;PENDIDIKAN;4;APRIL;0.09;PERSEN;2024;2
384;32;JAWA BARAT;3272;KOTA SUKABUMI;PENYEDIAAN MAKANAN DAN MINUMAN/ RESTORAN;4;APRIL;1.81;PERSEN;2024;2
385;32;JAWA BARAT;3272;KOTA SUKABUMI;PERAWATAN PRIBADI DA JASA LAINNYA;4;APRIL;6.12;PERSEN;2024;2
386;32;JAWA BARAT;3273;KOTA BANDUNG;MAKANAN, MINUMAN DAN TEMBAKAU;4;APRIL;6.36;PERSEN;2024;2
387;32;JAWA BARAT;3273;KOTA BANDUNG;PAKAIAN DAN ALAS KAKI;4;APRIL;1.21;PERSEN;2024;2
388;32;JAWA BARAT;3273;KOTA BANDUNG;PERUMAHAN, AIR, LISTRIK DAN BAHAN BAKAR RUMAH TANGGA;4;APRIL;-0.36;PERSEN;2024;2
389;32;JAWA BARAT;3273;KOTA BANDUNG;PERLENGKAPAN, PERALATAN DAN PEMELIHARAAN RUTIN RUMAH TANGGA;4;APRIL;-0.31;PERSEN;2024;2
390;32;JAWA BARAT;3273;KOTA BANDUNG;KESEHATAN;4;APRIL;3.93;PERSEN;2024;2
391;32;JAWA BARAT;3273;KOTA BANDUNG;TRANSPORTASI;4;APRIL;0.35;PERSEN;2024;2
392;32;JAWA BARAT;3273;KOTA BANDUNG;INFORMASI, KOMUNIKASI DAN JASA KEUANGAN;4;APRIL;-0.08;PERSEN;2024;2
393;32;JAWA BARAT;3273;KOTA BANDUNG;REKREASI, OLAHRAGA DAN BUDAYA;4;APRIL;0.62;PERSEN;2024;2
394;32;JAWA BARAT;3273;KOTA BANDUNG;PENDIDIKAN;4;APRIL;0.43;PERSEN;2024;2
395;32;JAWA BARAT;3273;KOTA BANDUNG;PENYEDIAAN MAKANAN DAN MINUMAN/ RESTORAN;4;APRIL;2.06;PERSEN;2024;2
396;32;JAWA BARAT;3273;KOTA BANDUNG;PERAWATAN PRIBADI DA JASA LAINNYA;4;APRIL;5.05;PERSEN;2024;2
397;32;JAWA BARAT;3274;KOTA CIREBON;MAKANAN, MINUMAN DAN TEMBAKAU;4;APRIL;6.38;PERSEN;2024;2
398;32;JAWA BARAT;3274;KOTA CIREBON;PAKAIAN DAN ALAS KAKI;4;APRIL;1.86;PERSEN;2024;2
399;32;JAWA BARAT;3274;KOTA CIREBON;PERUMAHAN, AIR, LISTRIK DAN BAHAN BAKAR RUMAH TANGGA;4;APRIL;0.66;PERSEN;2024;2
400;32;JAWA BARAT;3274;KOTA CIREBON;PERLENGKAPAN, PERALATAN DAN PEMELIHARAAN RUTIN RUMAH TANGGA;4;APRIL;0.75;PERSEN;2024;2
401;32;JAWA BARAT;3274;KOTA CIREBON;KESEHATAN;4;APRIL;0.53;PERSEN;2024;2
402;32;JAWA BARAT;3274;KOTA CIREBON;TRANSPORTASI;4;APRIL;0.25;PERSEN;2024;2
403;32;JAWA BARAT;3274;KOTA CIREBON;INFORMASI, KOMUNIKASI DAN JASA KEUANGAN;4;APRIL;0.16;PERSEN;2024;2
404;32;JAWA BARAT;3274;KOTA CIREBON;REKREASI, OLAHRAGA DAN BUDAYA;4;APRIL;1.28;PERSEN;2024;2
405;32;JAWA BARAT;3274;KOTA CIREBON;PENDIDIKAN;4;APRIL;1.42;PERSEN;2024;2
406;32;JAWA BARAT;3274;KOTA CIREBON;PENYEDIAAN MAKANAN DAN MINUMAN/ RESTORAN;4;APRIL;1.0;PERSEN;2024;2
407;32;JAWA BARAT;3274;KOTA CIREBON;PERAWATAN PRIBADI DA JASA LAINNYA;4;APRIL;1.52;PERSEN;2024;2
408;32;JAWA BARAT;3275;KOTA BEKASI;MAKANAN, MINUMAN DAN TEMBAKAU;4;APRIL;8.03;PERSEN;2024;2
409;32;JAWA BARAT;3275;KOTA BEKASI;PAKAIAN DAN ALAS KAKI;4;APRIL;1.69;PERSEN;2024;2
410;32;JAWA BARAT;3275;KOTA BEKASI;PERUMAHAN, AIR, LISTRIK DAN BAHAN BAKAR RUMAH TANGGA;4;APRIL;-0.25;PERSEN;2024;2
411;32;JAWA BARAT;3275;KOTA BEKASI;PERLENGKAPAN, PERALATAN DAN PEMELIHARAAN RUTIN RUMAH TANGGA;4;APRIL;0.71;PERSEN;2024;2
412;32;JAWA BARAT;3275;KOTA BEKASI;KESEHATAN;4;APRIL;3.48;PERSEN;2024;2
413;32;JAWA BARAT;3275;KOTA BEKASI;TRANSPORTASI;4;APRIL;1.43;PERSEN;2024;2
414;32;JAWA BARAT;3275;KOTA BEKASI;INFORMASI, KOMUNIKASI DAN JASA KEUANGAN;4;APRIL;0.15;PERSEN;2024;2
415;32;JAWA BARAT;3275;KOTA BEKASI;REKREASI, OLAHRAGA DAN BUDAYA;4;APRIL;8.8;PERSEN;2024;2
416;32;JAWA BARAT;3275;KOTA BEKASI;PENDIDIKAN;4;APRIL;2.27;PERSEN;2024;2
417;32;JAWA BARAT;3275;KOTA BEKASI;PENYEDIAAN MAKANAN DAN MINUMAN/ RESTORAN;4;APRIL;3.74;PERSEN;2024;2
418;32;JAWA BARAT;3275;KOTA BEKASI;PERAWATAN PRIBADI DA JASA LAINNYA;4;APRIL;6.06;PERSEN;2024;2
419;32;JAWA BARAT;3276;KOTA DEPOK;MAKANAN, MINUMAN DAN TEMBAKAU;4;APRIL;5.12;PERSEN;2024;2
420;32;JAWA BARAT;3276;KOTA DEPOK;PAKAIAN DAN ALAS KAKI;4;APRIL;0.83;PERSEN;2024;2
421;32;JAWA BARAT;3276;KOTA DEPOK;PERUMAHAN, AIR, LISTRIK DAN BAHAN BAKAR RUMAH TANGGA;4;APRIL;0.99;PERSEN;2024;2
422;32;JAWA BARAT;3276;KOTA DEPOK;PERLENGKAPAN, PERALATAN DAN PEMELIHARAAN RUTIN RUMAH TANGGA;4;APRIL;2.83;PERSEN;2024;2
423;32;JAWA BARAT;3276;KOTA DEPOK;KESEHATAN;4;APRIL;1.84;PERSEN;2024;2
424;32;JAWA BARAT;3276;KOTA DEPOK;TRANSPORTASI;4;APRIL;0.98;PERSEN;2024;2
425;32;JAWA BARAT;3276;KOTA DEPOK;INFORMASI, KOMUNIKASI DAN JASA KEUANGAN;4;APRIL;-0.45;PERSEN;2024;2
426;32;JAWA BARAT;3276;KOTA DEPOK;REKREASI, OLAHRAGA DAN BUDAYA;4;APRIL;6.63;PERSEN;2024;2
427;32;JAWA BARAT;3276;KOTA DEPOK;PENDIDIKAN;4;APRIL;2.18;PERSEN;2024;2
428;32;JAWA BARAT;3276;KOTA DEPOK;PENYEDIAAN MAKANAN DAN MINUMAN/ RESTORAN;4;APRIL;2.24;PERSEN;2024;2
429;32;JAWA BARAT;3276;KOTA DEPOK;PERAWATAN PRIBADI DA JASA LAINNYA;4;APRIL;6.94;PERSEN;2024;2
430;32;JAWA BARAT;3278;KOTA TASIKMALAYA;MAKANAN, MINUMAN DAN TEMBAKAU;4;APRIL;6.91;PERSEN;2024;2
431;32;JAWA BARAT;3278;KOTA TASIKMALAYA;PAKAIAN DAN ALAS KAKI;4;APRIL;0.78;PERSEN;2024;2
432;32;JAWA BARAT;3278;KOTA TASIKMALAYA;PERUMAHAN, AIR, LISTRIK DAN BAHAN BAKAR RUMAH TANGGA;4;APRIL;0.34;PERSEN;2024;2
433;32;JAWA BARAT;3278;KOTA TASIKMALAYA;PERLENGKAPAN, PERALATAN DAN PEMELIHARAAN RUTIN RUMAH TANGGA;4;APRIL;0.03;PERSEN;2024;2
434;32;JAWA BARAT;3278;KOTA TASIKMALAYA;KESEHATAN;4;APRIL;0.71;PERSEN;2024;2
435;32;JAWA BARAT;3278;KOTA TASIKMALAYA;TRANSPORTASI;4;APRIL;0.93;PERSEN;2024;2
436;32;JAWA BARAT;3278;KOTA TASIKMALAYA;INFORMASI, KOMUNIKASI DAN JASA KEUANGAN;4;APRIL;-0.98;PERSEN;2024;2
437;32;JAWA BARAT;3278;KOTA TASIKMALAYA;REKREASI, OLAHRAGA DAN BUDAYA;4;APRIL;2.49;PERSEN;2024;2
438;32;JAWA BARAT;3278;KOTA TASIKMALAYA;PENDIDIKAN;4;APRIL;2.63;PERSEN;2024;2
439;32;JAWA BARAT;3278;KOTA TASIKMALAYA;PENYEDIAAN MAKANAN DAN MINUMAN/ RESTORAN;4;APRIL;0.64;PERSEN;2024;2
440;32;JAWA BARAT;3278;KOTA TASIKMALAYA;PERAWATAN PRIBADI DA JASA LAINNYA;4;APRIL;3.59;PERSEN;2024;2
441;32;JAWA BARAT;3204;KABUPATEN BANDUNG;MAKANAN, MINUMAN DAN TEMBAKAU;5;MEI;4.16;PERSEN;2024;5
442;32;JAWA BARAT;3204;KABUPATEN BANDUNG;PAKAIAN DAN ALAS KAKI;5;MEI;1.98;PERSEN;2024;5
443;32;JAWA BARAT;3204;KABUPATEN BANDUNG;PERUMAHAN, AIR, LISTRIK DAN BAHAN BAKAR RUMAH TANGGA;5;MEI;1.01;PERSEN;2024;5
444;32;JAWA BARAT;3204;KABUPATEN BANDUNG;PERLENGKAPAN, PERALATAN DAN PEMELIHARAAN RUTIN RUMAH TANGGA;5;MEI;1.62;PERSEN;2024;5
445;32;JAWA BARAT;3204;KABUPATEN BANDUNG;KESEHATAN;5;MEI;4.65;PERSEN;2024;5
446;32;JAWA BARAT;3204;KABUPATEN BANDUNG;TRANSPORTASI;5;MEI;0.07;PERSEN;2024;5
447;32;JAWA BARAT;3204;KABUPATEN BANDUNG;INFORMASI, KOMUNIKASI DAN JASA KEUANGAN;5;MEI;-0.81;PERSEN;2024;5
448;32;JAWA BARAT;3204;KABUPATEN BANDUNG;REKREASI, OLAHRAGA DAN BUDAYA;5;MEI;2.87;PERSEN;2024;5
449;32;JAWA BARAT;3204;KABUPATEN BANDUNG;PENDIDIKAN;5;MEI;0.4;PERSEN;2024;5
450;32;JAWA BARAT;3204;KABUPATEN BANDUNG;PENYEDIAAN MAKANAN DAN MINUMAN/ RESTORAN;5;MEI;6.2;PERSEN;2024;5
451;32;JAWA BARAT;3204;KABUPATEN BANDUNG;PERAWATAN PRIBADI DA JASA LAINNYA;5;MEI;6.38;PERSEN;2024;5
452;32;JAWA BARAT;3210;KABUPATEN MAJALENGKA;MAKANAN, MINUMAN DAN TEMBAKAU;5;MEI;5.08;PERSEN;2024;5
453;32;JAWA BARAT;3210;KABUPATEN MAJALENGKA;PAKAIAN DAN ALAS KAKI;5;MEI;3.53;PERSEN;2024;5
454;32;JAWA BARAT;3210;KABUPATEN MAJALENGKA;PERUMAHAN, AIR, LISTRIK DAN BAHAN BAKAR RUMAH TANGGA;5;MEI;0.74;PERSEN;2024;5
455;32;JAWA BARAT;3210;KABUPATEN MAJALENGKA;PERLENGKAPAN, PERALATAN DAN PEMELIHARAAN RUTIN RUMAH TANGGA;5;MEI;-0.91;PERSEN;2024;5
456;32;JAWA BARAT;3210;KABUPATEN MAJALENGKA;KESEHATAN;5;MEI;1.56;PERSEN;2024;5
457;32;JAWA BARAT;3210;KABUPATEN MAJALENGKA;TRANSPORTASI;5;MEI;0.2;PERSEN;2024;5
458;32;JAWA BARAT;3210;KABUPATEN MAJALENGKA;INFORMASI, KOMUNIKASI DAN JASA KEUANGAN;5;MEI;-0.79;PERSEN;2024;5
459;32;JAWA BARAT;3210;KABUPATEN MAJALENGKA;REKREASI, OLAHRAGA DAN BUDAYA;5;MEI;0.73;PERSEN;2024;5
460;32;JAWA BARAT;3210;KABUPATEN MAJALENGKA;PENDIDIKAN;5;MEI;0.81;PERSEN;2024;5
461;32;JAWA BARAT;3210;KABUPATEN MAJALENGKA;PENYEDIAAN MAKANAN DAN MINUMAN/ RESTORAN;5;MEI;1.68;PERSEN;2024;5
462;32;JAWA BARAT;3210;KABUPATEN MAJALENGKA;PERAWATAN PRIBADI DA JASA LAINNYA;5;MEI;3.06;PERSEN;2024;5
463;32;JAWA BARAT;3213;KABUPATEN SUBANG;MAKANAN, MINUMAN DAN TEMBAKAU;5;MEI;5.13;PERSEN;2024;5
464;32;JAWA BARAT;3213;KABUPATEN SUBANG;PAKAIAN DAN ALAS KAKI;5;MEI;-0.2;PERSEN;2024;5
465;32;JAWA BARAT;3213;KABUPATEN SUBANG;PERUMAHAN, AIR, LISTRIK DAN BAHAN BAKAR RUMAH TANGGA;5;MEI;1.58;PERSEN;2024;5
466;32;JAWA BARAT;3213;KABUPATEN SUBANG;PERLENGKAPAN, PERALATAN DAN PEMELIHARAAN RUTIN RUMAH TANGGA;5;MEI;0.12;PERSEN;2024;5
467;32;JAWA BARAT;3213;KABUPATEN SUBANG;KESEHATAN;5;MEI;1.55;PERSEN;2024;5
468;32;JAWA BARAT;3213;KABUPATEN SUBANG;TRANSPORTASI;5;MEI;1.28;PERSEN;2024;5
469;32;JAWA BARAT;3213;KABUPATEN SUBANG;INFORMASI, KOMUNIKASI DAN JASA KEUANGAN;5;MEI;-0.66;PERSEN;2024;5
470;32;JAWA BARAT;3213;KABUPATEN SUBANG;REKREASI, OLAHRAGA DAN BUDAYA;5;MEI;5.48;PERSEN;2024;5
471;32;JAWA BARAT;3213;KABUPATEN SUBANG;PENDIDIKAN;5;MEI;0.82;PERSEN;2024;5
472;32;JAWA BARAT;3213;KABUPATEN SUBANG;PENYEDIAAN MAKANAN DAN MINUMAN/ RESTORAN;5;MEI;2.5;PERSEN;2024;5
473;32;JAWA BARAT;3213;KABUPATEN SUBANG;PERAWATAN PRIBADI DA JASA LAINNYA;5;MEI;9.89;PERSEN;2024;5
474;32;JAWA BARAT;3271;KOTA BOGOR;MAKANAN, MINUMAN DAN TEMBAKAU;5;MEI;6.03;PERSEN;2024;2
475;32;JAWA BARAT;3271;KOTA BOGOR;PAKAIAN DAN ALAS KAKI;5;MEI;1.95;PERSEN;2024;2
476;32;JAWA BARAT;3271;KOTA BOGOR;PERUMAHAN, AIR, LISTRIK DAN BAHAN BAKAR RUMAH TANGGA;5;MEI;2.05;PERSEN;2024;2
477;32;JAWA BARAT;3271;KOTA BOGOR;PERLENGKAPAN, PERALATAN DAN PEMELIHARAAN RUTIN RUMAH TANGGA;5;MEI;0.1;PERSEN;2024;2
478;32;JAWA BARAT;3271;KOTA BOGOR;KESEHATAN;5;MEI;1.26;PERSEN;2024;2
479;32;JAWA BARAT;3271;KOTA BOGOR;TRANSPORTASI;5;MEI;1.78;PERSEN;2024;2
480;32;JAWA BARAT;3271;KOTA BOGOR;INFORMASI, KOMUNIKASI DAN JASA KEUANGAN;5;MEI;0.48;PERSEN;2024;2
481;32;JAWA BARAT;3271;KOTA BOGOR;REKREASI, OLAHRAGA DAN BUDAYA;5;MEI;0.44;PERSEN;2024;2
482;32;JAWA BARAT;3271;KOTA BOGOR;PENDIDIKAN;5;MEI;0.82;PERSEN;2024;2
483;32;JAWA BARAT;3271;KOTA BOGOR;PENYEDIAAN MAKANAN DAN MINUMAN/ RESTORAN;5;MEI;0.59;PERSEN;2024;2
484;32;JAWA BARAT;3271;KOTA BOGOR;PERAWATAN PRIBADI DA JASA LAINNYA;5;MEI;8.18;PERSEN;2024;2
485;32;JAWA BARAT;3272;KOTA SUKABUMI;MAKANAN, MINUMAN DAN TEMBAKAU;5;MEI;5.91;PERSEN;2024;2
486;32;JAWA BARAT;3272;KOTA SUKABUMI;PAKAIAN DAN ALAS KAKI;5;MEI;2.24;PERSEN;2024;2
487;32;JAWA BARAT;3272;KOTA SUKABUMI;PERUMAHAN, AIR, LISTRIK DAN BAHAN BAKAR RUMAH TANGGA;5;MEI;0.66;PERSEN;2024;2
488;32;JAWA BARAT;3272;KOTA SUKABUMI;PERLENGKAPAN, PERALATAN DAN PEMELIHARAAN RUTIN RUMAH TANGGA;5;MEI;0.06;PERSEN;2024;2
489;32;JAWA BARAT;3272;KOTA SUKABUMI;KESEHATAN;5;MEI;3.31;PERSEN;2024;2
490;32;JAWA BARAT;3272;KOTA SUKABUMI;TRANSPORTASI;5;MEI;0.16;PERSEN;2024;2
491;32;JAWA BARAT;3272;KOTA SUKABUMI;INFORMASI, KOMUNIKASI DAN JASA KEUANGAN;5;MEI;-1.79;PERSEN;2024;2
492;32;JAWA BARAT;3272;KOTA SUKABUMI;REKREASI, OLAHRAGA DAN BUDAYA;5;MEI;3.07;PERSEN;2024;2
493;32;JAWA BARAT;3272;KOTA SUKABUMI;PENDIDIKAN;5;MEI;0.09;PERSEN;2024;2
494;32;JAWA BARAT;3272;KOTA SUKABUMI;PENYEDIAAN MAKANAN DAN MINUMAN/ RESTORAN;5;MEI;1.85;PERSEN;2024;2
495;32;JAWA BARAT;3272;KOTA SUKABUMI;PERAWATAN PRIBADI DA JASA LAINNYA;5;MEI;7.05;PERSEN;2024;2
496;32;JAWA BARAT;3273;KOTA BANDUNG;MAKANAN, MINUMAN DAN TEMBAKAU;5;MEI;5.52;PERSEN;2024;2
497;32;JAWA BARAT;3273;KOTA BANDUNG;PAKAIAN DAN ALAS KAKI;5;MEI;1.55;PERSEN;2024;2
498;32;JAWA BARAT;3273;KOTA BANDUNG;PERUMAHAN, AIR, LISTRIK DAN BAHAN BAKAR RUMAH TANGGA;5;MEI;-0.18;PERSEN;2024;2
499;32;JAWA BARAT;3273;KOTA BANDUNG;PERLENGKAPAN, PERALATAN DAN PEMELIHARAAN RUTIN RUMAH TANGGA;5;MEI;-0.51;PERSEN;2024;2
500;32;JAWA BARAT;3273;KOTA BANDUNG;KESEHATAN;5;MEI;3.98;PERSEN;2024;2
501;32;JAWA BARAT;3273;KOTA BANDUNG;TRANSPORTASI;5;MEI;0.22;PERSEN;2024;2
502;32;JAWA BARAT;3273;KOTA BANDUNG;INFORMASI, KOMUNIKASI DAN JASA KEUANGAN;5;MEI;-0.13;PERSEN;2024;2
503;32;JAWA BARAT;3273;KOTA BANDUNG;REKREASI, OLAHRAGA DAN BUDAYA;5;MEI;0.62;PERSEN;2024;2
504;32;JAWA BARAT;3273;KOTA BANDUNG;PENDIDIKAN;5;MEI;0.43;PERSEN;2024;2
505;32;JAWA BARAT;3273;KOTA BANDUNG;PENYEDIAAN MAKANAN DAN MINUMAN/ RESTORAN;5;MEI;2.21;PERSEN;2024;2
506;32;JAWA BARAT;3273;KOTA BANDUNG;PERAWATAN PRIBADI DA JASA LAINNYA;5;MEI;5.84;PERSEN;2024;2
507;32;JAWA BARAT;3274;KOTA CIREBON;MAKANAN, MINUMAN DAN TEMBAKAU;5;MEI;4.35;PERSEN;2024;2
508;32;JAWA BARAT;3274;KOTA CIREBON;PAKAIAN DAN ALAS KAKI;5;MEI;1.76;PERSEN;2024;2
509;32;JAWA BARAT;3274;KOTA CIREBON;PERUMAHAN, AIR, LISTRIK DAN BAHAN BAKAR RUMAH TANGGA;5;MEI;0.65;PERSEN;2024;2
510;32;JAWA BARAT;3274;KOTA CIREBON;PERLENGKAPAN, PERALATAN DAN PEMELIHARAAN RUTIN RUMAH TANGGA;5;MEI;0.75;PERSEN;2024;2
511;32;JAWA BARAT;3274;KOTA CIREBON;KESEHATAN;5;MEI;0.44;PERSEN;2024;2
512;32;JAWA BARAT;3274;KOTA CIREBON;TRANSPORTASI;5;MEI;0.36;PERSEN;2024;2
513;32;JAWA BARAT;3274;KOTA CIREBON;INFORMASI, KOMUNIKASI DAN JASA KEUANGAN;5;MEI;0.16;PERSEN;2024;2
514;32;JAWA BARAT;3274;KOTA CIREBON;REKREASI, OLAHRAGA DAN BUDAYA;5;MEI;1.47;PERSEN;2024;2
515;32;JAWA BARAT;3274;KOTA CIREBON;PENDIDIKAN;5;MEI;1.42;PERSEN;2024;2
516;32;JAWA BARAT;3274;KOTA CIREBON;PENYEDIAAN MAKANAN DAN MINUMAN/ RESTORAN;5;MEI;1.08;PERSEN;2024;2
517;32;JAWA BARAT;3274;KOTA CIREBON;PERAWATAN PRIBADI DA JASA LAINNYA;5;MEI;1.88;PERSEN;2024;2
518;32;JAWA BARAT;3275;KOTA BEKASI;MAKANAN, MINUMAN DAN TEMBAKAU;5;MEI;7.36;PERSEN;2024;2
519;32;JAWA BARAT;3275;KOTA BEKASI;PAKAIAN DAN ALAS KAKI;5;MEI;1.78;PERSEN;2024;2
520;32;JAWA BARAT;3275;KOTA BEKASI;PERUMAHAN, AIR, LISTRIK DAN BAHAN BAKAR RUMAH TANGGA;5;MEI;-0.26;PERSEN;2024;2
521;32;JAWA BARAT;3275;KOTA BEKASI;PERLENGKAPAN, PERALATAN DAN PEMELIHARAAN RUTIN RUMAH TANGGA;5;MEI;0.7;PERSEN;2024;2
522;32;JAWA BARAT;3275;KOTA BEKASI;KESEHATAN;5;MEI;3.52;PERSEN;2024;2
523;32;JAWA BARAT;3275;KOTA BEKASI;TRANSPORTASI;5;MEI;0.77;PERSEN;2024;2
524;32;JAWA BARAT;3275;KOTA BEKASI;INFORMASI, KOMUNIKASI DAN JASA KEUANGAN;5;MEI;0.15;PERSEN;2024;2
525;32;JAWA BARAT;3275;KOTA BEKASI;REKREASI, OLAHRAGA DAN BUDAYA;5;MEI;8.63;PERSEN;2024;2
526;32;JAWA BARAT;3275;KOTA BEKASI;PENDIDIKAN;5;MEI;2.27;PERSEN;2024;2
527;32;JAWA BARAT;3275;KOTA BEKASI;PENYEDIAAN MAKANAN DAN MINUMAN/ RESTORAN;5;MEI;3.35;PERSEN;2024;2
528;32;JAWA BARAT;3275;KOTA BEKASI;PERAWATAN PRIBADI DA JASA LAINNYA;5;MEI;7.93;PERSEN;2024;2
529;32;JAWA BARAT;3276;KOTA DEPOK;MAKANAN, MINUMAN DAN TEMBAKAU;5;MEI;3.69;PERSEN;2024;2
530;32;JAWA BARAT;3276;KOTA DEPOK;PAKAIAN DAN ALAS KAKI;5;MEI;0.63;PERSEN;2024;2
531;32;JAWA BARAT;3276;KOTA DEPOK;PERUMAHAN, AIR, LISTRIK DAN BAHAN BAKAR RUMAH TANGGA;5;MEI;1.73;PERSEN;2024;2
532;32;JAWA BARAT;3276;KOTA DEPOK;PERLENGKAPAN, PERALATAN DAN PEMELIHARAAN RUTIN RUMAH TANGGA;5;MEI;2.96;PERSEN;2024;2
533;32;JAWA BARAT;3276;KOTA DEPOK;KESEHATAN;5;MEI;1.98;PERSEN;2024;2
534;32;JAWA BARAT;3276;KOTA DEPOK;TRANSPORTASI;5;MEI;1.19;PERSEN;2024;2
535;32;JAWA BARAT;3276;KOTA DEPOK;INFORMASI, KOMUNIKASI DAN JASA KEUANGAN;5;MEI;-0.93;PERSEN;2024;2
536;32;JAWA BARAT;3276;KOTA DEPOK;REKREASI, OLAHRAGA DAN BUDAYA;5;MEI;4.25;PERSEN;2024;2
537;32;JAWA BARAT;3276;KOTA DEPOK;PENDIDIKAN;5;MEI;2.18;PERSEN;2024;2
538;32;JAWA BARAT;3276;KOTA DEPOK;PENYEDIAAN MAKANAN DAN MINUMAN/ RESTORAN;5;MEI;2.15;PERSEN;2024;2
539;32;JAWA BARAT;3276;KOTA DEPOK;PERAWATAN PRIBADI DA JASA LAINNYA;5;MEI;6.91;PERSEN;2024;2
540;32;JAWA BARAT;3278;KOTA TASIKMALAYA;MAKANAN, MINUMAN DAN TEMBAKAU;5;MEI;4.97;PERSEN;2024;2
541;32;JAWA BARAT;3278;KOTA TASIKMALAYA;PAKAIAN DAN ALAS KAKI;5;MEI;0.79;PERSEN;2024;2
542;32;JAWA BARAT;3278;KOTA TASIKMALAYA;PERUMAHAN, AIR, LISTRIK DAN BAHAN BAKAR RUMAH TANGGA;5;MEI;0.39;PERSEN;2024;2
543;32;JAWA BARAT;3278;KOTA TASIKMALAYA;PERLENGKAPAN, PERALATAN DAN PEMELIHARAAN RUTIN RUMAH TANGGA;5;MEI;0.14;PERSEN;2024;2
544;32;JAWA BARAT;3278;KOTA TASIKMALAYA;KESEHATAN;5;MEI;0.72;PERSEN;2024;2
545;32;JAWA BARAT;3278;KOTA TASIKMALAYA;TRANSPORTASI;5;MEI;0.84;PERSEN;2024;2
546;32;JAWA BARAT;3278;KOTA TASIKMALAYA;INFORMASI, KOMUNIKASI DAN JASA KEUANGAN;5;MEI;-0.98;PERSEN;2024;2
547;32;JAWA BARAT;3278;KOTA TASIKMALAYA;REKREASI, OLAHRAGA DAN BUDAYA;5;MEI;2.68;PERSEN;2024;2
548;32;JAWA BARAT;3278;KOTA TASIKMALAYA;PENDIDIKAN;5;MEI;2.63;PERSEN;2024;2
549;32;JAWA BARAT;3278;KOTA TASIKMALAYA;PENYEDIAAN MAKANAN DAN MINUMAN/ RESTORAN;5;MEI;0.56;PERSEN;2024;2
550;32;JAWA BARAT;3278;KOTA TASIKMALAYA;PERAWATAN PRIBADI DA JASA LAINNYA;5;MEI;4.42;PERSEN;2024;2
551;32;JAWA BARAT;3204;KABUPATEN BANDUNG;MAKANAN, MINUMAN DAN TEMBAKAU;6;JUNI;2.75;PERSEN;2024;5
552;32;JAWA BARAT;3204;KABUPATEN BANDUNG;PAKAIAN DAN ALAS KAKI;6;JUNI;3.6;PERSEN;2024;5
553;32;JAWA BARAT;3204;KABUPATEN BANDUNG;PERUMAHAN, AIR, LISTRIK DAN BAHAN BAKAR RUMAH TANGGA;6;JUNI;0.66;PERSEN;2024;5
554;32;JAWA BARAT;3204;KABUPATEN BANDUNG;PERLENGKAPAN, PERALATAN DAN PEMELIHARAAN RUTIN RUMAH TANGGA;6;JUNI;1.06;PERSEN;2024;5
555;32;JAWA BARAT;3204;KABUPATEN BANDUNG;KESEHATAN;6;JUNI;4.28;PERSEN;2024;5
556;32;JAWA BARAT;3204;KABUPATEN BANDUNG;TRANSPORTASI;6;JUNI;-0.48;PERSEN;2024;5
557;32;JAWA BARAT;3204;KABUPATEN BANDUNG;INFORMASI, KOMUNIKASI DAN JASA KEUANGAN;6;JUNI;-0.83;PERSEN;2024;5
558;32;JAWA BARAT;3204;KABUPATEN BANDUNG;REKREASI, OLAHRAGA DAN BUDAYA;6;JUNI;2.64;PERSEN;2024;5
559;32;JAWA BARAT;3204;KABUPATEN BANDUNG;PENDIDIKAN;6;JUNI;0.03;PERSEN;2024;5
560;32;JAWA BARAT;3204;KABUPATEN BANDUNG;PENYEDIAAN MAKANAN DAN MINUMAN/ RESTORAN;6;JUNI;4.69;PERSEN;2024;5
561;32;JAWA BARAT;3204;KABUPATEN BANDUNG;PERAWATAN PRIBADI DA JASA LAINNYA;6;JUNI;4.98;PERSEN;2024;5
562;32;JAWA BARAT;3210;KABUPATEN MAJALENGKA;MAKANAN, MINUMAN DAN TEMBAKAU;6;JUNI;3.08;PERSEN;2024;5
563;32;JAWA BARAT;3210;KABUPATEN MAJALENGKA;PAKAIAN DAN ALAS KAKI;6;JUNI;3.48;PERSEN;2024;5
564;32;JAWA BARAT;3210;KABUPATEN MAJALENGKA;PERUMAHAN, AIR, LISTRIK DAN BAHAN BAKAR RUMAH TANGGA;6;JUNI;0.63;PERSEN;2024;5
565;32;JAWA BARAT;3210;KABUPATEN MAJALENGKA;PERLENGKAPAN, PERALATAN DAN PEMELIHARAAN RUTIN RUMAH TANGGA;6;JUNI;-0.64;PERSEN;2024;5
566;32;JAWA BARAT;3210;KABUPATEN MAJALENGKA;KESEHATAN;6;JUNI;1.7;PERSEN;2024;5
567;32;JAWA BARAT;3210;KABUPATEN MAJALENGKA;TRANSPORTASI;6;JUNI;0.42;PERSEN;2024;5
568;32;JAWA BARAT;3210;KABUPATEN MAJALENGKA;INFORMASI, KOMUNIKASI DAN JASA KEUANGAN;6;JUNI;-0.6;PERSEN;2024;5
569;32;JAWA BARAT;3210;KABUPATEN MAJALENGKA;REKREASI, OLAHRAGA DAN BUDAYA;6;JUNI;0.13;PERSEN;2024;5
570;32;JAWA BARAT;3210;KABUPATEN MAJALENGKA;PENDIDIKAN;6;JUNI;0.25;PERSEN;2024;5
571;32;JAWA BARAT;3210;KABUPATEN MAJALENGKA;PENYEDIAAN MAKANAN DAN MINUMAN/ RESTORAN;6;JUNI;1.77;PERSEN;2024;5
572;32;JAWA BARAT;3210;KABUPATEN MAJALENGKA;PERAWATAN PRIBADI DA JASA LAINNYA;6;JUNI;3.21;PERSEN;2024;5
573;32;JAWA BARAT;3213;KABUPATEN SUBANG;MAKANAN, MINUMAN DAN TEMBAKAU;6;JUNI;3.59;PERSEN;2024;5
574;32;JAWA BARAT;3213;KABUPATEN SUBANG;PAKAIAN DAN ALAS KAKI;6;JUNI;-0.2;PERSEN;2024;5
575;32;JAWA BARAT;3213;KABUPATEN SUBANG;PERUMAHAN, AIR, LISTRIK DAN BAHAN BAKAR RUMAH TANGGA;6;JUNI;1.3;PERSEN;2024;5
576;32;JAWA BARAT;3213;KABUPATEN SUBANG;PERLENGKAPAN, PERALATAN DAN PEMELIHARAAN RUTIN RUMAH TANGGA;6;JUNI;-0.12;PERSEN;2024;5
577;32;JAWA BARAT;3213;KABUPATEN SUBANG;KESEHATAN;6;JUNI;1.55;PERSEN;2024;5
578;32;JAWA BARAT;3213;KABUPATEN SUBANG;TRANSPORTASI;6;JUNI;0.83;PERSEN;2024;5
579;32;JAWA BARAT;3213;KABUPATEN SUBANG;INFORMASI, KOMUNIKASI DAN JASA KEUANGAN;6;JUNI;-0.6;PERSEN;2024;5
580;32;JAWA BARAT;3213;KABUPATEN SUBANG;REKREASI, OLAHRAGA DAN BUDAYA;6;JUNI;2.96;PERSEN;2024;5
581;32;JAWA BARAT;3213;KABUPATEN SUBANG;PENDIDIKAN;6;JUNI;0.67;PERSEN;2024;5
582;32;JAWA BARAT;3213;KABUPATEN SUBANG;PENYEDIAAN MAKANAN DAN MINUMAN/ RESTORAN;6;JUNI;2.61;PERSEN;2024;5
583;32;JAWA BARAT;3213;KABUPATEN SUBANG;PERAWATAN PRIBADI DA JASA LAINNYA;6;JUNI;9.75;PERSEN;2024;5
584;32;JAWA BARAT;3271;KOTA BOGOR;MAKANAN, MINUMAN DAN TEMBAKAU;6;JUNI;4.47;PERSEN;2024;2
585;32;JAWA BARAT;3271;KOTA BOGOR;PAKAIAN DAN ALAS KAKI;6;JUNI;1.13;PERSEN;2024;2
586;32;JAWA BARAT;3271;KOTA BOGOR;PERUMAHAN, AIR, LISTRIK DAN BAHAN BAKAR RUMAH TANGGA;6;JUNI;2.28;PERSEN;2024;2
587;32;JAWA BARAT;3271;KOTA BOGOR;PERLENGKAPAN, PERALATAN DAN PEMELIHARAAN RUTIN RUMAH TANGGA;6;JUNI;0.22;PERSEN;2024;2
588;32;JAWA BARAT;3271;KOTA BOGOR;KESEHATAN;6;JUNI;1.75;PERSEN;2024;2
589;32;JAWA BARAT;3271;KOTA BOGOR;TRANSPORTASI;6;JUNI;2.21;PERSEN;2024;2
590;32;JAWA BARAT;3271;KOTA BOGOR;INFORMASI, KOMUNIKASI DAN JASA KEUANGAN;6;JUNI;0.46;PERSEN;2024;2
591;32;JAWA BARAT;3271;KOTA BOGOR;REKREASI, OLAHRAGA DAN BUDAYA;6;JUNI;0.6;PERSEN;2024;2
592;32;JAWA BARAT;3271;KOTA BOGOR;PENDIDIKAN;6;JUNI;0.82;PERSEN;2024;2
593;32;JAWA BARAT;3271;KOTA BOGOR;PENYEDIAAN MAKANAN DAN MINUMAN/ RESTORAN;6;JUNI;0.54;PERSEN;2024;2
594;32;JAWA BARAT;3271;KOTA BOGOR;PERAWATAN PRIBADI DA JASA LAINNYA;6;JUNI;7.01;PERSEN;2024;2
595;32;JAWA BARAT;3272;KOTA SUKABUMI;MAKANAN, MINUMAN DAN TEMBAKAU;6;JUNI;4.54;PERSEN;2024;2
596;32;JAWA BARAT;3272;KOTA SUKABUMI;PAKAIAN DAN ALAS KAKI;6;JUNI;2.35;PERSEN;2024;2
597;32;JAWA BARAT;3272;KOTA SUKABUMI;PERUMAHAN, AIR, LISTRIK DAN BAHAN BAKAR RUMAH TANGGA;6;JUNI;0.63;PERSEN;2024;2
598;32;JAWA BARAT;3272;KOTA SUKABUMI;PERLENGKAPAN, PERALATAN DAN PEMELIHARAAN RUTIN RUMAH TANGGA;6;JUNI;0.08;PERSEN;2024;2
599;32;JAWA BARAT;3272;KOTA SUKABUMI;KESEHATAN;6;JUNI;3.16;PERSEN;2024;2
600;32;JAWA BARAT;3272;KOTA SUKABUMI;TRANSPORTASI;6;JUNI;0.42;PERSEN;2024;2
601;32;JAWA BARAT;3272;KOTA SUKABUMI;INFORMASI, KOMUNIKASI DAN JASA KEUANGAN;6;JUNI;-1.72;PERSEN;2024;2
602;32;JAWA BARAT;3272;KOTA SUKABUMI;REKREASI, OLAHRAGA DAN BUDAYA;6;JUNI;3.04;PERSEN;2024;2
603;32;JAWA BARAT;3272;KOTA SUKABUMI;PENDIDIKAN;6;JUNI;0.09;PERSEN;2024;2
604;32;JAWA BARAT;3272;KOTA SUKABUMI;PENYEDIAAN MAKANAN DAN MINUMAN/ RESTORAN;6;JUNI;1.85;PERSEN;2024;2
605;32;JAWA BARAT;3272;KOTA SUKABUMI;PERAWATAN PRIBADI DA JASA LAINNYA;6;JUNI;7.16;PERSEN;2024;2
606;32;JAWA BARAT;3273;KOTA BANDUNG;MAKANAN, MINUMAN DAN TEMBAKAU;6;JUNI;4.65;PERSEN;2024;2
607;32;JAWA BARAT;3273;KOTA BANDUNG;PAKAIAN DAN ALAS KAKI;6;JUNI;1.68;PERSEN;2024;2
608;32;JAWA BARAT;3273;KOTA BANDUNG;PERUMAHAN, AIR, LISTRIK DAN BAHAN BAKAR RUMAH TANGGA;6;JUNI;-0.29;PERSEN;2024;2
609;32;JAWA BARAT;3273;KOTA BANDUNG;PERLENGKAPAN, PERALATAN DAN PEMELIHARAAN RUTIN RUMAH TANGGA;6;JUNI;-0.54;PERSEN;2024;2
610;32;JAWA BARAT;3273;KOTA BANDUNG;KESEHATAN;6;JUNI;4.01;PERSEN;2024;2
611;32;JAWA BARAT;3273;KOTA BANDUNG;TRANSPORTASI;6;JUNI;0.79;PERSEN;2024;2
612;32;JAWA BARAT;3273;KOTA BANDUNG;INFORMASI, KOMUNIKASI DAN JASA KEUANGAN;6;JUNI;-0.08;PERSEN;2024;2
613;32;JAWA BARAT;3273;KOTA BANDUNG;REKREASI, OLAHRAGA DAN BUDAYA;6;JUNI;0.67;PERSEN;2024;2
614;32;JAWA BARAT;3273;KOTA BANDUNG;PENDIDIKAN;6;JUNI;0.37;PERSEN;2024;2
615;32;JAWA BARAT;3273;KOTA BANDUNG;PENYEDIAAN MAKANAN DAN MINUMAN/ RESTORAN;6;JUNI;2.4;PERSEN;2024;2
616;32;JAWA BARAT;3273;KOTA BANDUNG;PERAWATAN PRIBADI DA JASA LAINNYA;6;JUNI;6.45;PERSEN;2024;2
617;32;JAWA BARAT;3274;KOTA CIREBON;MAKANAN, MINUMAN DAN TEMBAKAU;6;JUNI;2.47;PERSEN;2024;2
618;32;JAWA BARAT;3274;KOTA CIREBON;PAKAIAN DAN ALAS KAKI;6;JUNI;1.79;PERSEN;2024;2
619;32;JAWA BARAT;3274;KOTA CIREBON;PERUMAHAN, AIR, LISTRIK DAN BAHAN BAKAR RUMAH TANGGA;6;JUNI;0.66;PERSEN;2024;2
620;32;JAWA BARAT;3274;KOTA CIREBON;PERLENGKAPAN, PERALATAN DAN PEMELIHARAAN RUTIN RUMAH TANGGA;6;JUNI;0.78;PERSEN;2024;2
621;32;JAWA BARAT;3274;KOTA CIREBON;KESEHATAN;6;JUNI;0.44;PERSEN;2024;2
622;32;JAWA BARAT;3274;KOTA CIREBON;TRANSPORTASI;6;JUNI;0.85;PERSEN;2024;2
623;32;JAWA BARAT;3274;KOTA CIREBON;INFORMASI, KOMUNIKASI DAN JASA KEUANGAN;6;JUNI;0.16;PERSEN;2024;2
624;32;JAWA BARAT;3274;KOTA CIREBON;REKREASI, OLAHRAGA DAN BUDAYA;6;JUNI;1.47;PERSEN;2024;2
625;32;JAWA BARAT;3274;KOTA CIREBON;PENDIDIKAN;6;JUNI;1.42;PERSEN;2024;2
626;32;JAWA BARAT;3274;KOTA CIREBON;PENYEDIAAN MAKANAN DAN MINUMAN/ RESTORAN;6;JUNI;1.01;PERSEN;2024;2
627;32;JAWA BARAT;3274;KOTA CIREBON;PERAWATAN PRIBADI DA JASA LAINNYA;6;JUNI;2.15;PERSEN;2024;2
628;32;JAWA BARAT;3275;KOTA BEKASI;MAKANAN, MINUMAN DAN TEMBAKAU;6;JUNI;7.04;PERSEN;2024;2
629;32;JAWA BARAT;3275;KOTA BEKASI;PAKAIAN DAN ALAS KAKI;6;JUNI;2.07;PERSEN;2024;2
630;32;JAWA BARAT;3275;KOTA BEKASI;PERUMAHAN, AIR, LISTRIK DAN BAHAN BAKAR RUMAH TANGGA;6;JUNI;-0.62;PERSEN;2024;2
631;32;JAWA BARAT;3275;KOTA BEKASI;PERLENGKAPAN, PERALATAN DAN PEMELIHARAAN RUTIN RUMAH TANGGA;6;JUNI;0.19;PERSEN;2024;2
632;32;JAWA BARAT;3275;KOTA BEKASI;KESEHATAN;6;JUNI;1.51;PERSEN;2024;2
633;32;JAWA BARAT;3275;KOTA BEKASI;TRANSPORTASI;6;JUNI;1.23;PERSEN;2024;2
634;32;JAWA BARAT;3275;KOTA BEKASI;INFORMASI, KOMUNIKASI DAN JASA KEUANGAN;6;JUNI;0.15;PERSEN;2024;2
635;32;JAWA BARAT;3275;KOTA BEKASI;REKREASI, OLAHRAGA DAN BUDAYA;6;JUNI;8.61;PERSEN;2024;2
636;32;JAWA BARAT;3275;KOTA BEKASI;PENDIDIKAN;6;JUNI;2.27;PERSEN;2024;2
637;32;JAWA BARAT;3275;KOTA BEKASI;PENYEDIAAN MAKANAN DAN MINUMAN/ RESTORAN;6;JUNI;1.93;PERSEN;2024;2
638;32;JAWA BARAT;3275;KOTA BEKASI;PERAWATAN PRIBADI DA JASA LAINNYA;6;JUNI;8.42;PERSEN;2024;2
639;32;JAWA BARAT;3276;KOTA DEPOK;MAKANAN, MINUMAN DAN TEMBAKAU;6;JUNI;3.03;PERSEN;2024;2
640;32;JAWA BARAT;3276;KOTA DEPOK;PAKAIAN DAN ALAS KAKI;6;JUNI;0.67;PERSEN;2024;2
641;32;JAWA BARAT;3276;KOTA DEPOK;PERUMAHAN, AIR, LISTRIK DAN BAHAN BAKAR RUMAH TANGGA;6;JUNI;0.99;PERSEN;2024;2
642;32;JAWA BARAT;3276;KOTA DEPOK;PERLENGKAPAN, PERALATAN DAN PEMELIHARAAN RUTIN RUMAH TANGGA;6;JUNI;2.84;PERSEN;2024;2
643;32;JAWA BARAT;3276;KOTA DEPOK;KESEHATAN;6;JUNI;2.12;PERSEN;2024;2
644;32;JAWA BARAT;3276;KOTA DEPOK;TRANSPORTASI;6;JUNI;1.92;PERSEN;2024;2
645;32;JAWA BARAT;3276;KOTA DEPOK;INFORMASI, KOMUNIKASI DAN JASA KEUANGAN;6;JUNI;-0.89;PERSEN;2024;2
646;32;JAWA BARAT;3276;KOTA DEPOK;REKREASI, OLAHRAGA DAN BUDAYA;6;JUNI;3.99;PERSEN;2024;2
647;32;JAWA BARAT;3276;KOTA DEPOK;PENDIDIKAN;6;JUNI;2.18;PERSEN;2024;2
648;32;JAWA BARAT;3276;KOTA DEPOK;PENYEDIAAN MAKANAN DAN MINUMAN/ RESTORAN;6;JUNI;2.17;PERSEN;2024;2
649;32;JAWA BARAT;3276;KOTA DEPOK;PERAWATAN PRIBADI DA JASA LAINNYA;6;JUNI;7.22;PERSEN;2024;2
650;32;JAWA BARAT;3278;KOTA TASIKMALAYA;MAKANAN, MINUMAN DAN TEMBAKAU;6;JUNI;4.54;PERSEN;2024;2
651;32;JAWA BARAT;3278;KOTA TASIKMALAYA;PAKAIAN DAN ALAS KAKI;6;JUNI;0.86;PERSEN;2024;2
652;32;JAWA BARAT;3278;KOTA TASIKMALAYA;PERUMAHAN, AIR, LISTRIK DAN BAHAN BAKAR RUMAH TANGGA;6;JUNI;0.44;PERSEN;2024;2
653;32;JAWA BARAT;3278;KOTA TASIKMALAYA;PERLENGKAPAN, PERALATAN DAN PEMELIHARAAN RUTIN RUMAH TANGGA;6;JUNI;-0.06;PERSEN;2024;2
654;32;JAWA BARAT;3278;KOTA TASIKMALAYA;KESEHATAN;6;JUNI;0.69;PERSEN;2024;2
655;32;JAWA BARAT;3278;KOTA TASIKMALAYA;TRANSPORTASI;6;JUNI;1.12;PERSEN;2024;2
656;32;JAWA BARAT;3278;KOTA TASIKMALAYA;INFORMASI, KOMUNIKASI DAN JASA KEUANGAN;6;JUNI;-0.98;PERSEN;2024;2
657;32;JAWA BARAT;3278;KOTA TASIKMALAYA;REKREASI, OLAHRAGA DAN BUDAYA;6;JUNI;2.55;PERSEN;2024;2
658;32;JAWA BARAT;3278;KOTA TASIKMALAYA;PENDIDIKAN;6;JUNI;2.63;PERSEN;2024;2
659;32;JAWA BARAT;3278;KOTA TASIKMALAYA;PENYEDIAAN MAKANAN DAN MINUMAN/ RESTORAN;6;JUNI;0.56;PERSEN;2024;2
660;32;JAWA BARAT;3278;KOTA TASIKMALAYA;PERAWATAN PRIBADI DA JASA LAINNYA;6;JUNI;4.45;PERSEN;2024;2
661;32;JAWA BARAT;3204;KABUPATEN BANDUNG;MAKANAN, MINUMAN DAN TEMBAKAU;7;JULI;2.64;PERSEN;2024;5
662;32;JAWA BARAT;3204;KABUPATEN BANDUNG;PAKAIAN DAN ALAS KAKI;7;JULI;3.6;PERSEN;2024;5
663;32;JAWA BARAT;3204;KABUPATEN BANDUNG;PERUMAHAN, AIR, LISTRIK DAN BAHAN BAKAR RUMAH TANGGA;7;JULI;0.91;PERSEN;2024;5
664;32;JAWA BARAT;3204;KABUPATEN BANDUNG;PERLENGKAPAN, PERALATAN DAN PEMELIHARAAN RUTIN RUMAH TANGGA;7;JULI;1.74;PERSEN;2024;5
665;32;JAWA BARAT;3204;KABUPATEN BANDUNG;KESEHATAN;7;JULI;3.81;PERSEN;2024;5
666;32;JAWA BARAT;3204;KABUPATEN BANDUNG;TRANSPORTASI;7;JULI;-0.52;PERSEN;2024;5
667;32;JAWA BARAT;3204;KABUPATEN BANDUNG;INFORMASI, KOMUNIKASI DAN JASA KEUANGAN;7;JULI;-0.83;PERSEN;2024;5
668;32;JAWA BARAT;3204;KABUPATEN BANDUNG;REKREASI, OLAHRAGA DAN BUDAYA;7;JULI;2.47;PERSEN;2024;5
669;32;JAWA BARAT;3204;KABUPATEN BANDUNG;PENDIDIKAN;7;JULI;2.04;PERSEN;2024;5
670;32;JAWA BARAT;3204;KABUPATEN BANDUNG;PENYEDIAAN MAKANAN DAN MINUMAN/ RESTORAN;7;JULI;3.97;PERSEN;2024;5
671;32;JAWA BARAT;3204;KABUPATEN BANDUNG;PERAWATAN PRIBADI DA JASA LAINNYA;7;JULI;6.25;PERSEN;2024;5
672;32;JAWA BARAT;3210;KABUPATEN MAJALENGKA;MAKANAN, MINUMAN DAN TEMBAKAU;7;JULI;4.43;PERSEN;2024;5
673;32;JAWA BARAT;3210;KABUPATEN MAJALENGKA;PAKAIAN DAN ALAS KAKI;7;JULI;5.01;PERSEN;2024;5
674;32;JAWA BARAT;3210;KABUPATEN MAJALENGKA;PERUMAHAN, AIR, LISTRIK DAN BAHAN BAKAR RUMAH TANGGA;7;JULI;0.65;PERSEN;2024;5
675;32;JAWA BARAT;3210;KABUPATEN MAJALENGKA;PERLENGKAPAN, PERALATAN DAN PEMELIHARAAN RUTIN RUMAH TANGGA;7;JULI;-0.74;PERSEN;2024;5
676;32;JAWA BARAT;3210;KABUPATEN MAJALENGKA;KESEHATAN;7;JULI;2.2;PERSEN;2024;5
677;32;JAWA BARAT;3210;KABUPATEN MAJALENGKA;TRANSPORTASI;7;JULI;0.52;PERSEN;2024;5
678;32;JAWA BARAT;3210;KABUPATEN MAJALENGKA;INFORMASI, KOMUNIKASI DAN JASA KEUANGAN;7;JULI;-0.62;PERSEN;2024;5
679;32;JAWA BARAT;3210;KABUPATEN MAJALENGKA;REKREASI, OLAHRAGA DAN BUDAYA;7;JULI;0.62;PERSEN;2024;5
680;32;JAWA BARAT;3210;KABUPATEN MAJALENGKA;PENDIDIKAN;7;JULI;0.25;PERSEN;2024;5
681;32;JAWA BARAT;3210;KABUPATEN MAJALENGKA;PENYEDIAAN MAKANAN DAN MINUMAN/ RESTORAN;7;JULI;1.82;PERSEN;2024;5
682;32;JAWA BARAT;3210;KABUPATEN MAJALENGKA;PERAWATAN PRIBADI DA JASA LAINNYA;7;JULI;3.95;PERSEN;2024;5
683;32;JAWA BARAT;3213;KABUPATEN SUBANG;MAKANAN, MINUMAN DAN TEMBAKAU;7;JULI;3.16;PERSEN;2024;5
684;32;JAWA BARAT;3213;KABUPATEN SUBANG;PAKAIAN DAN ALAS KAKI;7;JULI;-1.15;PERSEN;2024;5
685;32;JAWA BARAT;3213;KABUPATEN SUBANG;PERUMAHAN, AIR, LISTRIK DAN BAHAN BAKAR RUMAH TANGGA;7;JULI;1.9;PERSEN;2024;5
686;32;JAWA BARAT;3213;KABUPATEN SUBANG;PERLENGKAPAN, PERALATAN DAN PEMELIHARAAN RUTIN RUMAH TANGGA;7;JULI;0.14;PERSEN;2024;5
687;32;JAWA BARAT;3213;KABUPATEN SUBANG;KESEHATAN;7;JULI;1.95;PERSEN;2024;5
688;32;JAWA BARAT;3213;KABUPATEN SUBANG;TRANSPORTASI;7;JULI;0.95;PERSEN;2024;5
689;32;JAWA BARAT;3213;KABUPATEN SUBANG;INFORMASI, KOMUNIKASI DAN JASA KEUANGAN;7;JULI;-0.67;PERSEN;2024;5
690;32;JAWA BARAT;3213;KABUPATEN SUBANG;REKREASI, OLAHRAGA DAN BUDAYA;7;JULI;0.84;PERSEN;2024;5
691;32;JAWA BARAT;3213;KABUPATEN SUBANG;PENDIDIKAN;7;JULI;0.61;PERSEN;2024;5
692;32;JAWA BARAT;3213;KABUPATEN SUBANG;PENYEDIAAN MAKANAN DAN MINUMAN/ RESTORAN;7;JULI;1.85;PERSEN;2024;5
693;32;JAWA BARAT;3213;KABUPATEN SUBANG;PERAWATAN PRIBADI DA JASA LAINNYA;7;JULI;10.03;PERSEN;2024;5
694;32;JAWA BARAT;3271;KOTA BOGOR;MAKANAN, MINUMAN DAN TEMBAKAU;7;JULI;2.93;PERSEN;2024;0
695;32;JAWA BARAT;3271;KOTA BOGOR;PAKAIAN DAN ALAS KAKI;7;JULI;1.12;PERSEN;2024;0
696;32;JAWA BARAT;3271;KOTA BOGOR;PERUMAHAN, AIR, LISTRIK DAN BAHAN BAKAR RUMAH TANGGA;7;JULI;2.39;PERSEN;2024;0
697;32;JAWA BARAT;3271;KOTA BOGOR;PERLENGKAPAN, PERALATAN DAN PEMELIHARAAN RUTIN RUMAH TANGGA;7;JULI;0.38;PERSEN;2024;0
698;32;JAWA BARAT;3271;KOTA BOGOR;KESEHATAN;7;JULI;1.76;PERSEN;2024;0
699;32;JAWA BARAT;3271;KOTA BOGOR;TRANSPORTASI;7;JULI;2.3;PERSEN;2024;0
700;32;JAWA BARAT;3271;KOTA BOGOR;INFORMASI, KOMUNIKASI DAN JASA KEUANGAN;7;JULI;0.5;PERSEN;2024;0
701;32;JAWA BARAT;3271;KOTA BOGOR;REKREASI, OLAHRAGA DAN BUDAYA;7;JULI;1.17;PERSEN;2024;0
702;32;JAWA BARAT;3271;KOTA BOGOR;PENDIDIKAN;7;JULI;2.67;PERSEN;2024;0
703;32;JAWA BARAT;3271;KOTA BOGOR;PENYEDIAAN MAKANAN DAN MINUMAN/ RESTORAN;7;JULI;0.48;PERSEN;2024;0
704;32;JAWA BARAT;3271;KOTA BOGOR;PERAWATAN PRIBADI DA JASA LAINNYA;7;JULI;6.78;PERSEN;2024;0
705;32;JAWA BARAT;3272;KOTA SUKABUMI;MAKANAN, MINUMAN DAN TEMBAKAU;7;JULI;3.7;PERSEN;2024;0
706;32;JAWA BARAT;3272;KOTA SUKABUMI;PAKAIAN DAN ALAS KAKI;7;JULI;1.13;PERSEN;2024;0
707;32;JAWA BARAT;3272;KOTA SUKABUMI;PERUMAHAN, AIR, LISTRIK DAN BAHAN BAKAR RUMAH TANGGA;7;JULI;0.21;PERSEN;2024;0
708;32;JAWA BARAT;3272;KOTA SUKABUMI;PERLENGKAPAN, PERALATAN DAN PEMELIHARAAN RUTIN RUMAH TANGGA;7;JULI;0.18;PERSEN;2024;0
709;32;JAWA BARAT;3272;KOTA SUKABUMI;KESEHATAN;7;JULI;3.37;PERSEN;2024;0
710;32;JAWA BARAT;3272;KOTA SUKABUMI;TRANSPORTASI;7;JULI;0.5;PERSEN;2024;0
711;32;JAWA BARAT;3272;KOTA SUKABUMI;INFORMASI, KOMUNIKASI DAN JASA KEUANGAN;7;JULI;-1.68;PERSEN;2024;0
712;32;JAWA BARAT;3272;KOTA SUKABUMI;REKREASI, OLAHRAGA DAN BUDAYA;7;JULI;3.32;PERSEN;2024;0
713;32;JAWA BARAT;3272;KOTA SUKABUMI;PENDIDIKAN;7;JULI;0.33;PERSEN;2024;0
714;32;JAWA BARAT;3272;KOTA SUKABUMI;PENYEDIAAN MAKANAN DAN MINUMAN/ RESTORAN;7;JULI;1.51;PERSEN;2024;0
715;32;JAWA BARAT;3272;KOTA SUKABUMI;PERAWATAN PRIBADI DA JASA LAINNYA;7;JULI;6.78;PERSEN;2024;0
716;32;JAWA BARAT;3273;KOTA BANDUNG;MAKANAN, MINUMAN DAN TEMBAKAU;7;JULI;3.65;PERSEN;2024;0
717;32;JAWA BARAT;3273;KOTA BANDUNG;PAKAIAN DAN ALAS KAKI;7;JULI;1.36;PERSEN;2024;0
718;32;JAWA BARAT;3273;KOTA BANDUNG;PERUMAHAN, AIR, LISTRIK DAN BAHAN BAKAR RUMAH TANGGA;7;JULI;0.06;PERSEN;2024;0
719;32;JAWA BARAT;3273;KOTA BANDUNG;PERLENGKAPAN, PERALATAN DAN PEMELIHARAAN RUTIN RUMAH TANGGA;7;JULI;-0.06;PERSEN;2024;0
720;32;JAWA BARAT;3273;KOTA BANDUNG;KESEHATAN;7;JULI;3.9;PERSEN;2024;0
721;32;JAWA BARAT;3273;KOTA BANDUNG;TRANSPORTASI;7;JULI;0.6;PERSEN;2024;0
722;32;JAWA BARAT;3273;KOTA BANDUNG;INFORMASI, KOMUNIKASI DAN JASA KEUANGAN;7;JULI;-0.19;PERSEN;2024;0
723;32;JAWA BARAT;3273;KOTA BANDUNG;REKREASI, OLAHRAGA DAN BUDAYA;7;JULI;0.63;PERSEN;2024;0
724;32;JAWA BARAT;3273;KOTA BANDUNG;PENDIDIKAN;7;JULI;0.78;PERSEN;2024;0
725;32;JAWA BARAT;3273;KOTA BANDUNG;PENYEDIAAN MAKANAN DAN MINUMAN/ RESTORAN;7;JULI;2.46;PERSEN;2024;0
726;32;JAWA BARAT;3273;KOTA BANDUNG;PERAWATAN PRIBADI DA JASA LAINNYA;7;JULI;7.53;PERSEN;2024;0
727;32;JAWA BARAT;3274;KOTA CIREBON;MAKANAN, MINUMAN DAN TEMBAKAU;7;JULI;1.52;PERSEN;2024;0
728;32;JAWA BARAT;3274;KOTA CIREBON;PAKAIAN DAN ALAS KAKI;7;JULI;1.68;PERSEN;2024;0
729;32;JAWA BARAT;3274;KOTA CIREBON;PERUMAHAN, AIR, LISTRIK DAN BAHAN BAKAR RUMAH TANGGA;7;JULI;0.66;PERSEN;2024;0
730;32;JAWA BARAT;3274;KOTA CIREBON;PERLENGKAPAN, PERALATAN DAN PEMELIHARAAN RUTIN RUMAH TANGGA;7;JULI;0.7;PERSEN;2024;0
731;32;JAWA BARAT;3274;KOTA CIREBON;KESEHATAN;7;JULI;0.01;PERSEN;2024;0
732;32;JAWA BARAT;3274;KOTA CIREBON;TRANSPORTASI;7;JULI;0.81;PERSEN;2024;0
733;32;JAWA BARAT;3274;KOTA CIREBON;INFORMASI, KOMUNIKASI DAN JASA KEUANGAN;7;JULI;0.11;PERSEN;2024;0
734;32;JAWA BARAT;3274;KOTA CIREBON;REKREASI, OLAHRAGA DAN BUDAYA;7;JULI;1.36;PERSEN;2024;0
735;32;JAWA BARAT;3274;KOTA CIREBON;PENDIDIKAN;7;JULI;0.0;PERSEN;2024;0
736;32;JAWA BARAT;3274;KOTA CIREBON;PENYEDIAAN MAKANAN DAN MINUMAN/ RESTORAN;7;JULI;0.83;PERSEN;2024;0
737;32;JAWA BARAT;3274;KOTA CIREBON;PERAWATAN PRIBADI DA JASA LAINNYA;7;JULI;2.33;PERSEN;2024;0
738;32;JAWA BARAT;3275;KOTA BEKASI;MAKANAN, MINUMAN DAN TEMBAKAU;7;JULI;6.62;PERSEN;2024;0
739;32;JAWA BARAT;3275;KOTA BEKASI;PAKAIAN DAN ALAS KAKI;7;JULI;0.98;PERSEN;2024;0
740;32;JAWA BARAT;3275;KOTA BEKASI;PERUMAHAN, AIR, LISTRIK DAN BAHAN BAKAR RUMAH TANGGA;7;JULI;-0.62;PERSEN;2024;0
741;32;JAWA BARAT;3275;KOTA BEKASI;PERLENGKAPAN, PERALATAN DAN PEMELIHARAAN RUTIN RUMAH TANGGA;7;JULI;0.18;PERSEN;2024;0
742;32;JAWA BARAT;3275;KOTA BEKASI;KESEHATAN;7;JULI;1.38;PERSEN;2024;0
743;32;JAWA BARAT;3275;KOTA BEKASI;TRANSPORTASI;7;JULI;1.2;PERSEN;2024;0
744;32;JAWA BARAT;3275;KOTA BEKASI;INFORMASI, KOMUNIKASI DAN JASA KEUANGAN;7;JULI;0.19;PERSEN;2024;0
745;32;JAWA BARAT;3275;KOTA BEKASI;REKREASI, OLAHRAGA DAN BUDAYA;7;JULI;8.55;PERSEN;2024;0
746;32;JAWA BARAT;3275;KOTA BEKASI;PENDIDIKAN;7;JULI;2.15;PERSEN;2024;0
747;32;JAWA BARAT;3275;KOTA BEKASI;PENYEDIAAN MAKANAN DAN MINUMAN/ RESTORAN;7;JULI;1.41;PERSEN;2024;0
748;32;JAWA BARAT;3275;KOTA BEKASI;PERAWATAN PRIBADI DA JASA LAINNYA;7;JULI;9.28;PERSEN;2024;4
749;32;JAWA BARAT;3276;KOTA DEPOK;MAKANAN, MINUMAN DAN TEMBAKAU;7;JULI;1.97;PERSEN;2024;0
750;32;JAWA BARAT;3276;KOTA DEPOK;PAKAIAN DAN ALAS KAKI;7;JULI;0.89;PERSEN;2024;0
751;32;JAWA BARAT;3276;KOTA DEPOK;PERUMAHAN, AIR, LISTRIK DAN BAHAN BAKAR RUMAH TANGGA;7;JULI;0.99;PERSEN;2024;0
752;32;JAWA BARAT;3276;KOTA DEPOK;PERLENGKAPAN, PERALATAN DAN PEMELIHARAAN RUTIN RUMAH TANGGA;7;JULI;2.83;PERSEN;2024;0
753;32;JAWA BARAT;3276;KOTA DEPOK;KESEHATAN;7;JULI;2.23;PERSEN;2024;0
754;32;JAWA BARAT;3276;KOTA DEPOK;TRANSPORTASI;7;JULI;1.92;PERSEN;2024;0
755;32;JAWA BARAT;3276;KOTA DEPOK;INFORMASI, KOMUNIKASI DAN JASA KEUANGAN;7;JULI;-0.79;PERSEN;2024;0
756;32;JAWA BARAT;3276;KOTA DEPOK;REKREASI, OLAHRAGA DAN BUDAYA;7;JULI;3.94;PERSEN;2024;0
757;32;JAWA BARAT;3276;KOTA DEPOK;PENDIDIKAN;7;JULI;1.21;PERSEN;2024;0
758;32;JAWA BARAT;3276;KOTA DEPOK;PENYEDIAAN MAKANAN DAN MINUMAN/ RESTORAN;7;JULI;2.16;PERSEN;2024;0
759;32;JAWA BARAT;3276;KOTA DEPOK;PERAWATAN PRIBADI DA JASA LAINNYA;7;JULI;7.85;PERSEN;2024;0
760;32;JAWA BARAT;3278;KOTA TASIKMALAYA;MAKANAN, MINUMAN DAN TEMBAKAU;7;JULI;4.35;PERSEN;2024;0
761;32;JAWA BARAT;3278;KOTA TASIKMALAYA;PAKAIAN DAN ALAS KAKI;7;JULI;0.75;PERSEN;2024;0
762;32;JAWA BARAT;3278;KOTA TASIKMALAYA;PERUMAHAN, AIR, LISTRIK DAN BAHAN BAKAR RUMAH TANGGA;7;JULI;-0.4;PERSEN;2024;0
763;32;JAWA BARAT;3278;KOTA TASIKMALAYA;PERLENGKAPAN, PERALATAN DAN PEMELIHARAAN RUTIN RUMAH TANGGA;7;JULI;0.09;PERSEN;2024;0
764;32;JAWA BARAT;3278;KOTA TASIKMALAYA;KESEHATAN;7;JULI;0.63;PERSEN;2024;0
765;32;JAWA BARAT;3278;KOTA TASIKMALAYA;TRANSPORTASI;7;JULI;1.23;PERSEN;2024;0
766;32;JAWA BARAT;3278;KOTA TASIKMALAYA;INFORMASI, KOMUNIKASI DAN JASA KEUANGAN;7;JULI;-0.64;PERSEN;2024;0
767;32;JAWA BARAT;3278;KOTA TASIKMALAYA;REKREASI, OLAHRAGA DAN BUDAYA;7;JULI;2.84;PERSEN;2024;0
768;32;JAWA BARAT;3278;KOTA TASIKMALAYA;PENDIDIKAN;7;JULI;2.28;PERSEN;2024;0
769;32;JAWA BARAT;3278;KOTA TASIKMALAYA;PENYEDIAAN MAKANAN DAN MINUMAN/ RESTORAN;7;JULI;0.56;PERSEN;2024;0
770;32;JAWA BARAT;3278;KOTA TASIKMALAYA;PERAWATAN PRIBADI DA JASA LAINNYA;7;JULI;4.6;PERSEN;2024;0
771;32;JAWA BARAT;3204;KABUPATEN BANDUNG;MAKANAN, MINUMAN DAN TEMBAKAU;8;AGUSTUS;2.34;PERSEN;2024;5
772;32;JAWA BARAT;3204;KABUPATEN BANDUNG;PAKAIAN DAN ALAS KAKI;8;AGUSTUS;3.35;PERSEN;2024;5
773;32;JAWA BARAT;3204;KABUPATEN BANDUNG;PERUMAHAN, AIR, LISTRIK DAN BAHAN BAKAR RUMAH TANGGA;8;AGUSTUS;0.56;PERSEN;2024;5
774;32;JAWA BARAT;3204;KABUPATEN BANDUNG;PERLENGKAPAN, PERALATAN DAN PEMELIHARAAN RUTIN RUMAH TANGGA;8;AGUSTUS;2.57;PERSEN;2024;5
775;32;JAWA BARAT;3204;KABUPATEN BANDUNG;KESEHATAN;8;AGUSTUS;3.73;PERSEN;2024;5
776;32;JAWA BARAT;3204;KABUPATEN BANDUNG;TRANSPORTASI;8;AGUSTUS;0.1;PERSEN;2024;5
777;32;JAWA BARAT;3204;KABUPATEN BANDUNG;INFORMASI, KOMUNIKASI DAN JASA KEUANGAN;8;AGUSTUS;-0.88;PERSEN;2024;5
778;32;JAWA BARAT;3204;KABUPATEN BANDUNG;REKREASI, OLAHRAGA DAN BUDAYA;8;AGUSTUS;1.96;PERSEN;2024;5
779;32;JAWA BARAT;3204;KABUPATEN BANDUNG;PENDIDIKAN;8;AGUSTUS;2.11;PERSEN;2024;5
780;32;JAWA BARAT;3204;KABUPATEN BANDUNG;PENYEDIAAN MAKANAN DAN MINUMAN/ RESTORAN;8;AGUSTUS;4.01;PERSEN;2024;5
781;32;JAWA BARAT;3204;KABUPATEN BANDUNG;PERAWATAN PRIBADI DA JASA LAINNYA;8;AGUSTUS;6.79;PERSEN;2024;5
782;32;JAWA BARAT;3210;KABUPATEN MAJALENGKA;MAKANAN, MINUMAN DAN TEMBAKAU;8;AGUSTUS;2.96;PERSEN;2024;5
783;32;JAWA BARAT;3210;KABUPATEN MAJALENGKA;PAKAIAN DAN ALAS KAKI;8;AGUSTUS;4.58;PERSEN;2024;5
784;32;JAWA BARAT;3210;KABUPATEN MAJALENGKA;PERUMAHAN, AIR, LISTRIK DAN BAHAN BAKAR RUMAH TANGGA;8;AGUSTUS;0.5;PERSEN;2024;5
785;32;JAWA BARAT;3210;KABUPATEN MAJALENGKA;PERLENGKAPAN, PERALATAN DAN PEMELIHARAAN RUTIN RUMAH TANGGA;8;AGUSTUS;-0.27;PERSEN;2024;5
786;32;JAWA BARAT;3210;KABUPATEN MAJALENGKA;KESEHATAN;8;AGUSTUS;2.93;PERSEN;2024;5
787;32;JAWA BARAT;3210;KABUPATEN MAJALENGKA;TRANSPORTASI;8;AGUSTUS;1.2;PERSEN;2024;5
788;32;JAWA BARAT;3210;KABUPATEN MAJALENGKA;INFORMASI, KOMUNIKASI DAN JASA KEUANGAN;8;AGUSTUS;-0.62;PERSEN;2024;5
789;32;JAWA BARAT;3210;KABUPATEN MAJALENGKA;REKREASI, OLAHRAGA DAN BUDAYA;8;AGUSTUS;1.04;PERSEN;2024;5
790;32;JAWA BARAT;3210;KABUPATEN MAJALENGKA;PENDIDIKAN;8;AGUSTUS;1.24;PERSEN;2024;5
791;32;JAWA BARAT;3210;KABUPATEN MAJALENGKA;PENYEDIAAN MAKANAN DAN MINUMAN/ RESTORAN;8;AGUSTUS;2.01;PERSEN;2024;5
792;32;JAWA BARAT;3210;KABUPATEN MAJALENGKA;PERAWATAN PRIBADI DA JASA LAINNYA;8;AGUSTUS;4.18;PERSEN;2024;5
793;32;JAWA BARAT;3213;KABUPATEN SUBANG;MAKANAN, MINUMAN DAN TEMBAKAU;8;AGUSTUS;4.3;PERSEN;2024;5
794;32;JAWA BARAT;3213;KABUPATEN SUBANG;PAKAIAN DAN ALAS KAKI;8;AGUSTUS;-1.04;PERSEN;2024;5
795;32;JAWA BARAT;3213;KABUPATEN SUBANG;PERUMAHAN, AIR, LISTRIK DAN BAHAN BAKAR RUMAH TANGGA;8;AGUSTUS;2.09;PERSEN;2024;5
796;32;JAWA BARAT;3213;KABUPATEN SUBANG;PERLENGKAPAN, PERALATAN DAN PEMELIHARAAN RUTIN RUMAH TANGGA;8;AGUSTUS;0.99;PERSEN;2024;5
797;32;JAWA BARAT;3213;KABUPATEN SUBANG;KESEHATAN;8;AGUSTUS;1.95;PERSEN;2024;5
798;32;JAWA BARAT;3213;KABUPATEN SUBANG;TRANSPORTASI;8;AGUSTUS;1.4;PERSEN;2024;5
799;32;JAWA BARAT;3213;KABUPATEN SUBANG;INFORMASI, KOMUNIKASI DAN JASA KEUANGAN;8;AGUSTUS;-0.67;PERSEN;2024;5
800;32;JAWA BARAT;3213;KABUPATEN SUBANG;REKREASI, OLAHRAGA DAN BUDAYA;8;AGUSTUS;1.43;PERSEN;2024;5
801;32;JAWA BARAT;3213;KABUPATEN SUBANG;PENDIDIKAN;8;AGUSTUS;0.61;PERSEN;2024;5
802;32;JAWA BARAT;3213;KABUPATEN SUBANG;PENYEDIAAN MAKANAN DAN MINUMAN/ RESTORAN;8;AGUSTUS;2.55;PERSEN;2024;5
803;32;JAWA BARAT;3213;KABUPATEN SUBANG;PERAWATAN PRIBADI DA JASA LAINNYA;8;AGUSTUS;10.49;PERSEN;2024;5
804;32;JAWA BARAT;3271;KOTA BOGOR;MAKANAN, MINUMAN DAN TEMBAKAU;8;AGUSTUS;3.16;PERSEN;2024;0
805;32;JAWA BARAT;3271;KOTA BOGOR;PAKAIAN DAN ALAS KAKI;8;AGUSTUS;1.77;PERSEN;2024;0
806;32;JAWA BARAT;3271;KOTA BOGOR;PERUMAHAN, AIR, LISTRIK DAN BAHAN BAKAR RUMAH TANGGA;8;AGUSTUS;2.33;PERSEN;2024;0
807;32;JAWA BARAT;3271;KOTA BOGOR;PERLENGKAPAN, PERALATAN DAN PEMELIHARAAN RUTIN RUMAH TANGGA;8;AGUSTUS;0.41;PERSEN;2024;0
808;32;JAWA BARAT;3271;KOTA BOGOR;KESEHATAN;8;AGUSTUS;1.75;PERSEN;2024;0
809;32;JAWA BARAT;3271;KOTA BOGOR;TRANSPORTASI;8;AGUSTUS;2.22;PERSEN;2024;0
810;32;JAWA BARAT;3271;KOTA BOGOR;INFORMASI, KOMUNIKASI DAN JASA KEUANGAN;8;AGUSTUS;0.58;PERSEN;2024;0
811;32;JAWA BARAT;3271;KOTA BOGOR;REKREASI, OLAHRAGA DAN BUDAYA;8;AGUSTUS;1.1;PERSEN;2024;0
812;32;JAWA BARAT;3271;KOTA BOGOR;PENDIDIKAN;8;AGUSTUS;4.38;PERSEN;2024;0
813;32;JAWA BARAT;3271;KOTA BOGOR;PENYEDIAAN MAKANAN DAN MINUMAN/ RESTORAN;8;AGUSTUS;0.43;PERSEN;2024;0
814;32;JAWA BARAT;3271;KOTA BOGOR;PERAWATAN PRIBADI DA JASA LAINNYA;8;AGUSTUS;7.26;PERSEN;2024;0
815;32;JAWA BARAT;3272;KOTA SUKABUMI;MAKANAN, MINUMAN DAN TEMBAKAU;8;AGUSTUS;3.57;PERSEN;2024;0
816;32;JAWA BARAT;3272;KOTA SUKABUMI;PAKAIAN DAN ALAS KAKI;8;AGUSTUS;0.96;PERSEN;2024;0
817;32;JAWA BARAT;3272;KOTA SUKABUMI;PERUMAHAN, AIR, LISTRIK DAN BAHAN BAKAR RUMAH TANGGA;8;AGUSTUS;0.35;PERSEN;2024;0
818;32;JAWA BARAT;3272;KOTA SUKABUMI;PERLENGKAPAN, PERALATAN DAN PEMELIHARAAN RUTIN RUMAH TANGGA;8;AGUSTUS;-0.07;PERSEN;2024;0
819;32;JAWA BARAT;3272;KOTA SUKABUMI;KESEHATAN;8;AGUSTUS;3.37;PERSEN;2024;0
820;32;JAWA BARAT;3272;KOTA SUKABUMI;TRANSPORTASI;8;AGUSTUS;0.7;PERSEN;2024;0
821;32;JAWA BARAT;3272;KOTA SUKABUMI;INFORMASI, KOMUNIKASI DAN JASA KEUANGAN;8;AGUSTUS;-1.68;PERSEN;2024;0
822;32;JAWA BARAT;3272;KOTA SUKABUMI;REKREASI, OLAHRAGA DAN BUDAYA;8;AGUSTUS;3.22;PERSEN;2024;0
823;32;JAWA BARAT;3272;KOTA SUKABUMI;PENDIDIKAN;8;AGUSTUS;0.54;PERSEN;2024;0
824;32;JAWA BARAT;3272;KOTA SUKABUMI;PENYEDIAAN MAKANAN DAN MINUMAN/ RESTORAN;8;AGUSTUS;1.51;PERSEN;2024;0
825;32;JAWA BARAT;3272;KOTA SUKABUMI;PERAWATAN PRIBADI DA JASA LAINNYA;8;AGUSTUS;7.12;PERSEN;2024;0
826;32;JAWA BARAT;3273;KOTA BANDUNG;MAKANAN, MINUMAN DAN TEMBAKAU;8;AGUSTUS;3.66;PERSEN;2024;0
827;32;JAWA BARAT;3273;KOTA BANDUNG;PAKAIAN DAN ALAS KAKI;8;AGUSTUS;1.26;PERSEN;2024;0
828;32;JAWA BARAT;3273;KOTA BANDUNG;PERUMAHAN, AIR, LISTRIK DAN BAHAN BAKAR RUMAH TANGGA;8;AGUSTUS;0.36;PERSEN;2024;0
829;32;JAWA BARAT;3273;KOTA BANDUNG;PERLENGKAPAN, PERALATAN DAN PEMELIHARAAN RUTIN RUMAH TANGGA;8;AGUSTUS;-0.21;PERSEN;2024;0
830;32;JAWA BARAT;3273;KOTA BANDUNG;KESEHATAN;8;AGUSTUS;3.86;PERSEN;2024;0
831;32;JAWA BARAT;3273;KOTA BANDUNG;TRANSPORTASI;8;AGUSTUS;1.07;PERSEN;2024;0
832;32;JAWA BARAT;3273;KOTA BANDUNG;INFORMASI, KOMUNIKASI DAN JASA KEUANGAN;8;AGUSTUS;-0.12;PERSEN;2024;0
833;32;JAWA BARAT;3273;KOTA BANDUNG;REKREASI, OLAHRAGA DAN BUDAYA;8;AGUSTUS;0.57;PERSEN;2024;0
834;32;JAWA BARAT;3273;KOTA BANDUNG;PENDIDIKAN;8;AGUSTUS;0.93;PERSEN;2024;0
835;32;JAWA BARAT;3273;KOTA BANDUNG;PENYEDIAAN MAKANAN DAN MINUMAN/ RESTORAN;8;AGUSTUS;2.45;PERSEN;2024;0
836;32;JAWA BARAT;3273;KOTA BANDUNG;PERAWATAN PRIBADI DA JASA LAINNYA;8;AGUSTUS;8.37;PERSEN;2024;0
837;32;JAWA BARAT;3274;KOTA CIREBON;MAKANAN, MINUMAN DAN TEMBAKAU;8;AGUSTUS;1.62;PERSEN;2024;0
838;32;JAWA BARAT;3274;KOTA CIREBON;PAKAIAN DAN ALAS KAKI;8;AGUSTUS;2.5;PERSEN;2024;0
839;32;JAWA BARAT;3274;KOTA CIREBON;PERUMAHAN, AIR, LISTRIK DAN BAHAN BAKAR RUMAH TANGGA;8;AGUSTUS;0.4;PERSEN;2024;0
840;32;JAWA BARAT;3274;KOTA CIREBON;PERLENGKAPAN, PERALATAN DAN PEMELIHARAAN RUTIN RUMAH TANGGA;8;AGUSTUS;0.77;PERSEN;2024;0
841;32;JAWA BARAT;3274;KOTA CIREBON;KESEHATAN;8;AGUSTUS;0.23;PERSEN;2024;0
842;32;JAWA BARAT;3274;KOTA CIREBON;TRANSPORTASI;8;AGUSTUS;1.14;PERSEN;2024;0
843;32;JAWA BARAT;3274;KOTA CIREBON;INFORMASI, KOMUNIKASI DAN JASA KEUANGAN;8;AGUSTUS;0.11;PERSEN;2024;0
844;32;JAWA BARAT;3274;KOTA CIREBON;REKREASI, OLAHRAGA DAN BUDAYA;8;AGUSTUS;1.44;PERSEN;2024;0
845;32;JAWA BARAT;3274;KOTA CIREBON;PENDIDIKAN;8;AGUSTUS;0.76;PERSEN;2024;0
846;32;JAWA BARAT;3274;KOTA CIREBON;PENYEDIAAN MAKANAN DAN MINUMAN/ RESTORAN;8;AGUSTUS;1.16;PERSEN;2024;0
847;32;JAWA BARAT;3274;KOTA CIREBON;PERAWATAN PRIBADI DA JASA LAINNYA;8;AGUSTUS;2.8;PERSEN;2024;0
848;32;JAWA BARAT;3275;KOTA BEKASI;MAKANAN, MINUMAN DAN TEMBAKAU;8;AGUSTUS;2.74;PERSEN;2024;0
849;32;JAWA BARAT;3275;KOTA BEKASI;PAKAIAN DAN ALAS KAKI;8;AGUSTUS;0.9;PERSEN;2024;0
850;32;JAWA BARAT;3275;KOTA BEKASI;PERUMAHAN, AIR, LISTRIK DAN BAHAN BAKAR RUMAH TANGGA;8;AGUSTUS;0.87;PERSEN;2024;0
851;32;JAWA BARAT;3275;KOTA BEKASI;PERLENGKAPAN, PERALATAN DAN PEMELIHARAAN RUTIN RUMAH TANGGA;8;AGUSTUS;2.66;PERSEN;2024;0
852;32;JAWA BARAT;3275;KOTA BEKASI;KESEHATAN;8;AGUSTUS;2.34;PERSEN;2024;0
853;32;JAWA BARAT;3275;KOTA BEKASI;TRANSPORTASI;8;AGUSTUS;2.16;PERSEN;2024;0
854;32;JAWA BARAT;3275;KOTA BEKASI;INFORMASI, KOMUNIKASI DAN JASA KEUANGAN;8;AGUSTUS;-0.84;PERSEN;2024;0
855;32;JAWA BARAT;3275;KOTA BEKASI;REKREASI, OLAHRAGA DAN BUDAYA;8;AGUSTUS;4.17;PERSEN;2024;0
856;32;JAWA BARAT;3275;KOTA BEKASI;PENDIDIKAN;8;AGUSTUS;1.43;PERSEN;2024;0
857;32;JAWA BARAT;3275;KOTA BEKASI;PENYEDIAAN MAKANAN DAN MINUMAN/ RESTORAN;8;AGUSTUS;2.67;PERSEN;2024;0
858;32;JAWA BARAT;3275;KOTA BEKASI;PERAWATAN PRIBADI DA JASA LAINNYA;8;AGUSTUS;8.54;PERSEN;2024;0
859;32;JAWA BARAT;3276;KOTA DEPOK;MAKANAN, MINUMAN DAN TEMBAKAU;8;AGUSTUS;2.74;PERSEN;2024;0
860;32;JAWA BARAT;3276;KOTA DEPOK;PAKAIAN DAN ALAS KAKI;8;AGUSTUS;0.9;PERSEN;2024;0
861;32;JAWA BARAT;3276;KOTA DEPOK;PERUMAHAN, AIR, LISTRIK DAN BAHAN BAKAR RUMAH TANGGA;8;AGUSTUS;0.87;PERSEN;2024;0
862;32;JAWA BARAT;3276;KOTA DEPOK;PERLENGKAPAN, PERALATAN DAN PEMELIHARAAN RUTIN RUMAH TANGGA;8;AGUSTUS;2.66;PERSEN;2024;0
863;32;JAWA BARAT;3276;KOTA DEPOK;KESEHATAN;8;AGUSTUS;2.34;PERSEN;2024;0
864;32;JAWA BARAT;3276;KOTA DEPOK;TRANSPORTASI;8;AGUSTUS;2.16;PERSEN;2024;0
865;32;JAWA BARAT;3276;KOTA DEPOK;INFORMASI, KOMUNIKASI DAN JASA KEUANGAN;8;AGUSTUS;-0.84;PERSEN;2024;0
866;32;JAWA BARAT;3276;KOTA DEPOK;REKREASI, OLAHRAGA DAN BUDAYA;8;AGUSTUS;4.17;PERSEN;2024;0
867;32;JAWA BARAT;3276;KOTA DEPOK;PENDIDIKAN;8;AGUSTUS;1.43;PERSEN;2024;0
868;32;JAWA BARAT;3276;KOTA DEPOK;PENYEDIAAN MAKANAN DAN MINUMAN/ RESTORAN;8;AGUSTUS;2.67;PERSEN;2024;0
869;32;JAWA BARAT;3276;KOTA DEPOK;PERAWATAN PRIBADI DA JASA LAINNYA;8;AGUSTUS;8.54;PERSEN;2024;0
870;32;JAWA BARAT;3278;KOTA TASIKMALAYA;MAKANAN, MINUMAN DAN TEMBAKAU;8;AGUSTUS;4.51;PERSEN;2024;0
871;32;JAWA BARAT;3278;KOTA TASIKMALAYA;PAKAIAN DAN ALAS KAKI;8;AGUSTUS;0.6;PERSEN;2024;0
872;32;JAWA BARAT;3278;KOTA TASIKMALAYA;PERUMAHAN, AIR, LISTRIK DAN BAHAN BAKAR RUMAH TANGGA;8;AGUSTUS;-0.1;PERSEN;2024;0
873;32;JAWA BARAT;3278;KOTA TASIKMALAYA;PERLENGKAPAN, PERALATAN DAN PEMELIHARAAN RUTIN RUMAH TANGGA;8;AGUSTUS;-0.08;PERSEN;2024;0
874;32;JAWA BARAT;3278;KOTA TASIKMALAYA;KESEHATAN;8;AGUSTUS;0.63;PERSEN;2024;0
875;32;JAWA BARAT;3278;KOTA TASIKMALAYA;TRANSPORTASI;8;AGUSTUS;1.34;PERSEN;2024;0
876;32;JAWA BARAT;3278;KOTA TASIKMALAYA;INFORMASI, KOMUNIKASI DAN JASA KEUANGAN;8;AGUSTUS;-0.49;PERSEN;2024;0
877;32;JAWA BARAT;3278;KOTA TASIKMALAYA;REKREASI, OLAHRAGA DAN BUDAYA;8;AGUSTUS;2.78;PERSEN;2024;0
878;32;JAWA BARAT;3278;KOTA TASIKMALAYA;PENDIDIKAN;8;AGUSTUS;2.08;PERSEN;2024;0
879;32;JAWA BARAT;3278;KOTA TASIKMALAYA;PENYEDIAAN MAKANAN DAN MINUMAN/ RESTORAN;8;AGUSTUS;0.57;PERSEN;2024;0
880;32;JAWA BARAT;3278;KOTA TASIKMALAYA;PERAWATAN PRIBADI DA JASA LAINNYA;8;AGUSTUS;4.97;PERSEN;2024;0
881;32;JAWA BARAT;3204;KABUPATEN BANDUNG;MAKANAN, MINUMAN DAN TEMBAKAU;9;SEPTEMBER;2.39;PERSEN;2024;5
882;32;JAWA BARAT;3204;KABUPATEN BANDUNG;PAKAIAN DAN ALAS KAKI;9;SEPTEMBER;3.14;PERSEN;2024;5
883;32;JAWA BARAT;3204;KABUPATEN BANDUNG;PERUMAHAN, AIR, LISTRIK DAN BAHAN BAKAR RUMAH TANGGA;9;SEPTEMBER;0.6;PERSEN;2024;5
884;32;JAWA BARAT;3204;KABUPATEN BANDUNG;PERLENGKAPAN, PERALATAN DAN PEMELIHARAAN RUTIN RUMAH TANGGA;9;SEPTEMBER;2.44;PERSEN;2024;5
885;32;JAWA BARAT;3204;KABUPATEN BANDUNG;KESEHATAN;9;SEPTEMBER;3.97;PERSEN;2024;5
886;32;JAWA BARAT;3204;KABUPATEN BANDUNG;TRANSPORTASI;9;SEPTEMBER;-0.37;PERSEN;2024;5
887;32;JAWA BARAT;3204;KABUPATEN BANDUNG;INFORMASI, KOMUNIKASI DAN JASA KEUANGAN;9;SEPTEMBER;-1.0;PERSEN;2024;5
888;32;JAWA BARAT;3204;KABUPATEN BANDUNG;REKREASI, OLAHRAGA DAN BUDAYA;9;SEPTEMBER;1.7;PERSEN;2024;5
889;32;JAWA BARAT;3204;KABUPATEN BANDUNG;PENDIDIKAN;9;SEPTEMBER;2.85;PERSEN;2024;5
890;32;JAWA BARAT;3204;KABUPATEN BANDUNG;PENYEDIAAN MAKANAN DAN MINUMAN/ RESTORAN;9;SEPTEMBER;3.81;PERSEN;2024;5
891;32;JAWA BARAT;3204;KABUPATEN BANDUNG;PERAWATAN PRIBADI DA JASA LAINNYA;9;SEPTEMBER;6.83;PERSEN;2024;5
892;32;JAWA BARAT;3210;KABUPATEN MAJALENGKA;MAKANAN, MINUMAN DAN TEMBAKAU;9;SEPTEMBER;1.9;PERSEN;2024;5
893;32;JAWA BARAT;3210;KABUPATEN MAJALENGKA;PAKAIAN DAN ALAS KAKI;9;SEPTEMBER;4.72;PERSEN;2024;5
894;32;JAWA BARAT;3210;KABUPATEN MAJALENGKA;PERUMAHAN, AIR, LISTRIK DAN BAHAN BAKAR RUMAH TANGGA;9;SEPTEMBER;0.47;PERSEN;2024;5
895;32;JAWA BARAT;3210;KABUPATEN MAJALENGKA;PERLENGKAPAN, PERALATAN DAN PEMELIHARAAN RUTIN RUMAH TANGGA;9;SEPTEMBER;-0.27;PERSEN;2024;5
896;32;JAWA BARAT;3210;KABUPATEN MAJALENGKA;KESEHATAN;9;SEPTEMBER;3.23;PERSEN;2024;5
897;32;JAWA BARAT;3210;KABUPATEN MAJALENGKA;TRANSPORTASI;9;SEPTEMBER;0.72;PERSEN;2024;5
898;32;JAWA BARAT;3210;KABUPATEN MAJALENGKA;INFORMASI, KOMUNIKASI DAN JASA KEUANGAN;9;SEPTEMBER;-0.33;PERSEN;2024;5
899;32;JAWA BARAT;3210;KABUPATEN MAJALENGKA;REKREASI, OLAHRAGA DAN BUDAYA;9;SEPTEMBER;1.11;PERSEN;2024;5
900;32;JAWA BARAT;3210;KABUPATEN MAJALENGKA;PENDIDIKAN;9;SEPTEMBER;1.34;PERSEN;2024;5
901;32;JAWA BARAT;3210;KABUPATEN MAJALENGKA;PENYEDIAAN MAKANAN DAN MINUMAN/ RESTORAN;9;SEPTEMBER;2.01;PERSEN;2024;5
902;32;JAWA BARAT;3210;KABUPATEN MAJALENGKA;PERAWATAN PRIBADI DA JASA LAINNYA;9;SEPTEMBER;4.16;PERSEN;2024;5
903;32;JAWA BARAT;3213;KABUPATEN SUBANG;MAKANAN, MINUMAN DAN TEMBAKAU;9;SEPTEMBER;2.47;PERSEN;2024;5
904;32;JAWA BARAT;3213;KABUPATEN SUBANG;PAKAIAN DAN ALAS KAKI;9;SEPTEMBER;-0.79;PERSEN;2024;5
905;32;JAWA BARAT;3213;KABUPATEN SUBANG;PERUMAHAN, AIR, LISTRIK DAN BAHAN BAKAR RUMAH TANGGA;9;SEPTEMBER;1.8;PERSEN;2024;5
906;32;JAWA BARAT;3213;KABUPATEN SUBANG;PERLENGKAPAN, PERALATAN DAN PEMELIHARAAN RUTIN RUMAH TANGGA;9;SEPTEMBER;1.27;PERSEN;2024;5
907;32;JAWA BARAT;3213;KABUPATEN SUBANG;KESEHATAN;9;SEPTEMBER;1.95;PERSEN;2024;5
908;32;JAWA BARAT;3213;KABUPATEN SUBANG;TRANSPORTASI;9;SEPTEMBER;1.17;PERSEN;2024;5
909;32;JAWA BARAT;3213;KABUPATEN SUBANG;INFORMASI, KOMUNIKASI DAN JASA KEUANGAN;9;SEPTEMBER;-0.67;PERSEN;2024;5
910;32;JAWA BARAT;3213;KABUPATEN SUBANG;REKREASI, OLAHRAGA DAN BUDAYA;9;SEPTEMBER;0.84;PERSEN;2024;5
911;32;JAWA BARAT;3213;KABUPATEN SUBANG;PENDIDIKAN;9;SEPTEMBER;0.67;PERSEN;2024;5
912;32;JAWA BARAT;3213;KABUPATEN SUBANG;PENYEDIAAN MAKANAN DAN MINUMAN/ RESTORAN;9;SEPTEMBER;2.32;PERSEN;2024;5
913;32;JAWA BARAT;3213;KABUPATEN SUBANG;PERAWATAN PRIBADI DA JASA LAINNYA;9;SEPTEMBER;11.14;PERSEN;2024;4
914;32;JAWA BARAT;3271;KOTA BOGOR;MAKANAN, MINUMAN DAN TEMBAKAU;9;SEPTEMBER;2.67;PERSEN;2024;0
915;32;JAWA BARAT;3271;KOTA BOGOR;PAKAIAN DAN ALAS KAKI;9;SEPTEMBER;1.32;PERSEN;2024;0
916;32;JAWA BARAT;3271;KOTA BOGOR;PERUMAHAN, AIR, LISTRIK DAN BAHAN BAKAR RUMAH TANGGA;9;SEPTEMBER;2.25;PERSEN;2024;0
917;32;JAWA BARAT;3271;KOTA BOGOR;PERLENGKAPAN, PERALATAN DAN PEMELIHARAAN RUTIN RUMAH TANGGA;9;SEPTEMBER;0.51;PERSEN;2024;0
918;32;JAWA BARAT;3271;KOTA BOGOR;KESEHATAN;9;SEPTEMBER;1.31;PERSEN;2024;0
919;32;JAWA BARAT;3271;KOTA BOGOR;TRANSPORTASI;9;SEPTEMBER;1.3;PERSEN;2024;0
920;32;JAWA BARAT;3271;KOTA BOGOR;INFORMASI, KOMUNIKASI DAN JASA KEUANGAN;9;SEPTEMBER;0.58;PERSEN;2024;0
921;32;JAWA BARAT;3271;KOTA BOGOR;REKREASI, OLAHRAGA DAN BUDAYA;9;SEPTEMBER;1.04;PERSEN;2024;0
922;32;JAWA BARAT;3271;KOTA BOGOR;PENDIDIKAN;9;SEPTEMBER;4.59;PERSEN;2024;0
923;32;JAWA BARAT;3271;KOTA BOGOR;PENYEDIAAN MAKANAN DAN MINUMAN/ RESTORAN;9;SEPTEMBER;0.57;PERSEN;2024;0
924;32;JAWA BARAT;3271;KOTA BOGOR;PERAWATAN PRIBADI DA JASA LAINNYA;9;SEPTEMBER;7.75;PERSEN;2024;0
925;32;JAWA BARAT;3272;KOTA SUKABUMI;MAKANAN, MINUMAN DAN TEMBAKAU;9;SEPTEMBER;2.42;PERSEN;2024;0
926;32;JAWA BARAT;3272;KOTA SUKABUMI;PAKAIAN DAN ALAS KAKI;9;SEPTEMBER;0.8;PERSEN;2024;0
927;32;JAWA BARAT;3272;KOTA SUKABUMI;PERUMAHAN, AIR, LISTRIK DAN BAHAN BAKAR RUMAH TANGGA;9;SEPTEMBER;0.33;PERSEN;2024;0
928;32;JAWA BARAT;3272;KOTA SUKABUMI;PERLENGKAPAN, PERALATAN DAN PEMELIHARAAN RUTIN RUMAH TANGGA;9;SEPTEMBER;-0.3;PERSEN;2024;0
929;32;JAWA BARAT;3272;KOTA SUKABUMI;KESEHATAN;9;SEPTEMBER;3.38;PERSEN;2024;0
930;32;JAWA BARAT;3272;KOTA SUKABUMI;TRANSPORTASI;9;SEPTEMBER;0.03;PERSEN;2024;0
931;32;JAWA BARAT;3272;KOTA SUKABUMI;INFORMASI, KOMUNIKASI DAN JASA KEUANGAN;9;SEPTEMBER;-1.53;PERSEN;2024;0
932;32;JAWA BARAT;3272;KOTA SUKABUMI;REKREASI, OLAHRAGA DAN BUDAYA;9;SEPTEMBER;3.74;PERSEN;2024;0
933;32;JAWA BARAT;3272;KOTA SUKABUMI;PENDIDIKAN;9;SEPTEMBER;0.43;PERSEN;2024;0
934;32;JAWA BARAT;3272;KOTA SUKABUMI;PENYEDIAAN MAKANAN DAN MINUMAN/ RESTORAN;9;SEPTEMBER;1.51;PERSEN;2024;0
935;32;JAWA BARAT;3272;KOTA SUKABUMI;PERAWATAN PRIBADI DA JASA LAINNYA;9;SEPTEMBER;7.43;PERSEN;2024;0
936;32;JAWA BARAT;3273;KOTA BANDUNG;MAKANAN, MINUMAN DAN TEMBAKAU;9;SEPTEMBER;2.84;PERSEN;2024;0
937;32;JAWA BARAT;3273;KOTA BANDUNG;PAKAIAN DAN ALAS KAKI;9;SEPTEMBER;1.46;PERSEN;2024;0
938;32;JAWA BARAT;3273;KOTA BANDUNG;PERUMAHAN, AIR, LISTRIK DAN BAHAN BAKAR RUMAH TANGGA;9;SEPTEMBER;0.42;PERSEN;2024;0
939;32;JAWA BARAT;3273;KOTA BANDUNG;PERLENGKAPAN, PERALATAN DAN PEMELIHARAAN RUTIN RUMAH TANGGA;9;SEPTEMBER;-0.37;PERSEN;2024;0
940;32;JAWA BARAT;3273;KOTA BANDUNG;KESEHATAN;9;SEPTEMBER;3.48;PERSEN;2024;0
941;32;JAWA BARAT;3273;KOTA BANDUNG;TRANSPORTASI;9;SEPTEMBER;-0.16;PERSEN;2024;0
942;32;JAWA BARAT;3273;KOTA BANDUNG;INFORMASI, KOMUNIKASI DAN JASA KEUANGAN;9;SEPTEMBER;-0.3;PERSEN;2024;0
943;32;JAWA BARAT;3273;KOTA BANDUNG;REKREASI, OLAHRAGA DAN BUDAYA;9;SEPTEMBER;0.97;PERSEN;2024;0
944;32;JAWA BARAT;3273;KOTA BANDUNG;PENDIDIKAN;9;SEPTEMBER;0.93;PERSEN;2024;0
945;32;JAWA BARAT;3273;KOTA BANDUNG;PENYEDIAAN MAKANAN DAN MINUMAN/ RESTORAN;9;SEPTEMBER;2.45;PERSEN;2024;0
946;32;JAWA BARAT;3273;KOTA BANDUNG;PERAWATAN PRIBADI DA JASA LAINNYA;9;SEPTEMBER;8.33;PERSEN;2024;0
947;32;JAWA BARAT;3274;KOTA CIREBON;MAKANAN, MINUMAN DAN TEMBAKAU;9;SEPTEMBER;0.28;PERSEN;2024;0
948;32;JAWA BARAT;3274;KOTA CIREBON;PAKAIAN DAN ALAS KAKI;9;SEPTEMBER;3.07;PERSEN;2024;0
949;32;JAWA BARAT;3274;KOTA CIREBON;PERUMAHAN, AIR, LISTRIK DAN BAHAN BAKAR RUMAH TANGGA;9;SEPTEMBER;0.44;PERSEN;2024;0
950;32;JAWA BARAT;3274;KOTA CIREBON;PERLENGKAPAN, PERALATAN DAN PEMELIHARAAN RUTIN RUMAH TANGGA;9;SEPTEMBER;1.88;PERSEN;2024;0
951;32;JAWA BARAT;3274;KOTA CIREBON;KESEHATAN;9;SEPTEMBER;0.3;PERSEN;2024;0
952;32;JAWA BARAT;3274;KOTA CIREBON;TRANSPORTASI;9;SEPTEMBER;0.66;PERSEN;2024;0
953;32;JAWA BARAT;3274;KOTA CIREBON;INFORMASI, KOMUNIKASI DAN JASA KEUANGAN;9;SEPTEMBER;0.01;PERSEN;2024;0
954;32;JAWA BARAT;3274;KOTA CIREBON;REKREASI, OLAHRAGA DAN BUDAYA;9;SEPTEMBER;1.22;PERSEN;2024;0
955;32;JAWA BARAT;3274;KOTA CIREBON;PENDIDIKAN;9;SEPTEMBER;1.71;PERSEN;2024;0
956;32;JAWA BARAT;3274;KOTA CIREBON;PENYEDIAAN MAKANAN DAN MINUMAN/ RESTORAN;9;SEPTEMBER;1.24;PERSEN;2024;0
957;32;JAWA BARAT;3274;KOTA CIREBON;PERAWATAN PRIBADI DA JASA LAINNYA;9;SEPTEMBER;2.87;PERSEN;2024;0
958;32;JAWA BARAT;3275;KOTA BEKASI;MAKANAN, MINUMAN DAN TEMBAKAU;9;SEPTEMBER;4.6;PERSEN;2024;0
959;32;JAWA BARAT;3275;KOTA BEKASI;PAKAIAN DAN ALAS KAKI;9;SEPTEMBER;1.19;PERSEN;2024;0
960;32;JAWA BARAT;3275;KOTA BEKASI;PERUMAHAN, AIR, LISTRIK DAN BAHAN BAKAR RUMAH TANGGA;9;SEPTEMBER;-0.01;PERSEN;2024;0
961;32;JAWA BARAT;3275;KOTA BEKASI;PERLENGKAPAN, PERALATAN DAN PEMELIHARAAN RUTIN RUMAH TANGGA;9;SEPTEMBER;0.22;PERSEN;2024;0
962;32;JAWA BARAT;3275;KOTA BEKASI;KESEHATAN;9;SEPTEMBER;1.46;PERSEN;2024;0
963;32;JAWA BARAT;3275;KOTA BEKASI;TRANSPORTASI;9;SEPTEMBER;0.69;PERSEN;2024;0
964;32;JAWA BARAT;3275;KOTA BEKASI;INFORMASI, KOMUNIKASI DAN JASA KEUANGAN;9;SEPTEMBER;0.04;PERSEN;2024;0
965;32;JAWA BARAT;3275;KOTA BEKASI;REKREASI, OLAHRAGA DAN BUDAYA;9;SEPTEMBER;8.57;PERSEN;2024;0
966;32;JAWA BARAT;3275;KOTA BEKASI;PENDIDIKAN;9;SEPTEMBER;2.96;PERSEN;2024;0
967;32;JAWA BARAT;3275;KOTA BEKASI;PENYEDIAAN MAKANAN DAN MINUMAN/ RESTORAN;9;SEPTEMBER;1.13;PERSEN;2024;0
968;32;JAWA BARAT;3275;KOTA BEKASI;PERAWATAN PRIBADI DA JASA LAINNYA;9;SEPTEMBER;9.99;PERSEN;2024;4
969;32;JAWA BARAT;3276;KOTA DEPOK;MAKANAN, MINUMAN DAN TEMBAKAU;9;SEPTEMBER;2.52;PERSEN;2024;0
970;32;JAWA BARAT;3276;KOTA DEPOK;PAKAIAN DAN ALAS KAKI;9;SEPTEMBER;0.72;PERSEN;2024;0
971;32;JAWA BARAT;3276;KOTA DEPOK;PERUMAHAN, AIR, LISTRIK DAN BAHAN BAKAR RUMAH TANGGA;9;SEPTEMBER;0.94;PERSEN;2024;0
972;32;JAWA BARAT;3276;KOTA DEPOK;PERLENGKAPAN, PERALATAN DAN PEMELIHARAAN RUTIN RUMAH TANGGA;9;SEPTEMBER;2.63;PERSEN;2024;0
973;32;JAWA BARAT;3276;KOTA DEPOK;KESEHATAN;9;SEPTEMBER;2.38;PERSEN;2024;0
974;32;JAWA BARAT;3276;KOTA DEPOK;TRANSPORTASI;9;SEPTEMBER;1.02;PERSEN;2024;0
975;32;JAWA BARAT;3276;KOTA DEPOK;INFORMASI, KOMUNIKASI DAN JASA KEUANGAN;9;SEPTEMBER;-1.07;PERSEN;2024;0
976;32;JAWA BARAT;3276;KOTA DEPOK;REKREASI, OLAHRAGA DAN BUDAYA;9;SEPTEMBER;4.17;PERSEN;2024;0
977;32;JAWA BARAT;3276;KOTA DEPOK;PENDIDIKAN;9;SEPTEMBER;1.67;PERSEN;2024;0
978;32;JAWA BARAT;3276;KOTA DEPOK;PENYEDIAAN MAKANAN DAN MINUMAN/ RESTORAN;9;SEPTEMBER;3.09;PERSEN;2024;0
979;32;JAWA BARAT;3276;KOTA DEPOK;PERAWATAN PRIBADI DA JASA LAINNYA;9;SEPTEMBER;8.86;PERSEN;2024;0
980;32;JAWA BARAT;3278;KOTA TASIKMALAYA;MAKANAN, MINUMAN DAN TEMBAKAU;9;SEPTEMBER;3.61;PERSEN;2024;0
981;32;JAWA BARAT;3278;KOTA TASIKMALAYA;PAKAIAN DAN ALAS KAKI;9;SEPTEMBER;0.73;PERSEN;2024;0
982;32;JAWA BARAT;3278;KOTA TASIKMALAYA;PERUMAHAN, AIR, LISTRIK DAN BAHAN BAKAR RUMAH TANGGA;9;SEPTEMBER;-0.29;PERSEN;2024;0
983;32;JAWA BARAT;3278;KOTA TASIKMALAYA;PERLENGKAPAN, PERALATAN DAN PEMELIHARAAN RUTIN RUMAH TANGGA;9;SEPTEMBER;0.12;PERSEN;2024;0
984;32;JAWA BARAT;3278;KOTA TASIKMALAYA;KESEHATAN;9;SEPTEMBER;1.14;PERSEN;2024;0
985;32;JAWA BARAT;3278;KOTA TASIKMALAYA;TRANSPORTASI;9;SEPTEMBER;1.15;PERSEN;2024;0
986;32;JAWA BARAT;3278;KOTA TASIKMALAYA;INFORMASI, KOMUNIKASI DAN JASA KEUANGAN;9;SEPTEMBER;-0.46;PERSEN;2024;0
987;32;JAWA BARAT;3278;KOTA TASIKMALAYA;REKREASI, OLAHRAGA DAN BUDAYA;9;SEPTEMBER;3.37;PERSEN;2024;0
988;32;JAWA BARAT;3278;KOTA TASIKMALAYA;PENDIDIKAN;9;SEPTEMBER;2.48;PERSEN;2024;0
989;32;JAWA BARAT;3278;KOTA TASIKMALAYA;PENYEDIAAN MAKANAN DAN MINUMAN/ RESTORAN;9;SEPTEMBER;0.5;PERSEN;2024;0
990;32;JAWA BARAT;3278;KOTA TASIKMALAYA;PERAWATAN PRIBADI DA JASA LAINNYA;9;SEPTEMBER;5.41;PERSEN;2024;0
991;32;JAWA BARAT;3204;KABUPATEN BANDUNG;MAKANAN, MINUMAN DAN TEMBAKAU;10;OKTOBER;1.82;PERSEN;2024;5
992;32;JAWA BARAT;3204;KABUPATEN BANDUNG;PAKAIAN DAN ALAS KAKI;10;OKTOBER;2.54;PERSEN;2024;5
993;32;JAWA BARAT;3204;KABUPATEN BANDUNG;PERUMAHAN, AIR, LISTRIK DAN BAHAN BAKAR RUMAH TANGGA;10;OKTOBER;0.57;PERSEN;2024;5
994;32;JAWA BARAT;3204;KABUPATEN BANDUNG;PERLENGKAPAN, PERALATAN DAN PEMELIHARAAN RUTIN RUMAH TANGGA;10;OKTOBER;2.45;PERSEN;2024;5
995;32;JAWA BARAT;3204;KABUPATEN BANDUNG;KESEHATAN;10;OKTOBER;3.14;PERSEN;2024;5
996;32;JAWA BARAT;3204;KABUPATEN BANDUNG;TRANSPORTASI;10;OKTOBER;-1.05;PERSEN;2024;5
997;32;JAWA BARAT;3204;KABUPATEN BANDUNG;INFORMASI, KOMUNIKASI DAN JASA KEUANGAN;10;OKTOBER;-0.85;PERSEN;2024;5
998;32;JAWA BARAT;3204;KABUPATEN BANDUNG;REKREASI, OLAHRAGA DAN BUDAYA;10;OKTOBER;1.7;PERSEN;2024;5
999;32;JAWA BARAT;3204;KABUPATEN BANDUNG;PENDIDIKAN;10;OKTOBER;2.85;PERSEN;2024;5
1000;32;JAWA BARAT;3204;KABUPATEN BANDUNG;PENYEDIAAN MAKANAN DAN MINUMAN/ RESTORAN;10;OKTOBER;2.86;PERSEN;2024;5
1001;32;JAWA BARAT;3204;KABUPATEN BANDUNG;PERAWATAN PRIBADI DA JASA LAINNYA;10;OKTOBER;7.12;PERSEN;2024;5
1002;32;JAWA BARAT;3210;KABUPATEN MAJALENGKA;MAKANAN, MINUMAN DAN TEMBAKAU;10;OKTOBER;1.93;PERSEN;2024;5
1003;32;JAWA BARAT;3210;KABUPATEN MAJALENGKA;PAKAIAN DAN ALAS KAKI;10;OKTOBER;4.45;PERSEN;2024;5
1004;32;JAWA BARAT;3210;KABUPATEN MAJALENGKA;PERUMAHAN, AIR, LISTRIK DAN BAHAN BAKAR RUMAH TANGGA;10;OKTOBER;0.46;PERSEN;2024;5
1005;32;JAWA BARAT;3210;KABUPATEN MAJALENGKA;PERLENGKAPAN, PERALATAN DAN PEMELIHARAAN RUTIN RUMAH TANGGA;10;OKTOBER;-0.28;PERSEN;2024;5
1006;32;JAWA BARAT;3210;KABUPATEN MAJALENGKA;KESEHATAN;10;OKTOBER;3.74;PERSEN;2024;5
1007;32;JAWA BARAT;3210;KABUPATEN MAJALENGKA;TRANSPORTASI;10;OKTOBER;-0.19;PERSEN;2024;5
1008;32;JAWA BARAT;3210;KABUPATEN MAJALENGKA;INFORMASI, KOMUNIKASI DAN JASA KEUANGAN;10;OKTOBER;-0.33;PERSEN;2024;5
1009;32;JAWA BARAT;3210;KABUPATEN MAJALENGKA;REKREASI, OLAHRAGA DAN BUDAYA;10;OKTOBER;1.43;PERSEN;2024;5
1010;32;JAWA BARAT;3210;KABUPATEN MAJALENGKA;PENDIDIKAN;10;OKTOBER;1.34;PERSEN;2024;5
1011;32;JAWA BARAT;3210;KABUPATEN MAJALENGKA;PENYEDIAAN MAKANAN DAN MINUMAN/ RESTORAN;10;OKTOBER;2.01;PERSEN;2024;5
1012;32;JAWA BARAT;3210;KABUPATEN MAJALENGKA;PERAWATAN PRIBADI DA JASA LAINNYA;10;OKTOBER;4.59;PERSEN;2024;5
1013;32;JAWA BARAT;3213;KABUPATEN SUBANG;MAKANAN, MINUMAN DAN TEMBAKAU;10;OKTOBER;2.55;PERSEN;2024;5
1014;32;JAWA BARAT;3213;KABUPATEN SUBANG;PAKAIAN DAN ALAS KAKI;10;OKTOBER;-0.79;PERSEN;2024;5
1015;32;JAWA BARAT;3213;KABUPATEN SUBANG;PERUMAHAN, AIR, LISTRIK DAN BAHAN BAKAR RUMAH TANGGA;10;OKTOBER;1.8;PERSEN;2024;5
1016;32;JAWA BARAT;3213;KABUPATEN SUBANG;PERLENGKAPAN, PERALATAN DAN PEMELIHARAAN RUTIN RUMAH TANGGA;10;OKTOBER;1.49;PERSEN;2024;5
1017;32;JAWA BARAT;3213;KABUPATEN SUBANG;KESEHATAN;10;OKTOBER;1.95;PERSEN;2024;5
1018;32;JAWA BARAT;3213;KABUPATEN SUBANG;TRANSPORTASI;10;OKTOBER;0.79;PERSEN;2024;5
1019;32;JAWA BARAT;3213;KABUPATEN SUBANG;INFORMASI, KOMUNIKASI DAN JASA KEUANGAN;10;OKTOBER;-0.67;PERSEN;2024;5
1020;32;JAWA BARAT;3213;KABUPATEN SUBANG;REKREASI, OLAHRAGA DAN BUDAYA;10;OKTOBER;0.84;PERSEN;2024;5
1021;32;JAWA BARAT;3213;KABUPATEN SUBANG;PENDIDIKAN;10;OKTOBER;0.67;PERSEN;2024;5
1022;32;JAWA BARAT;3213;KABUPATEN SUBANG;PENYEDIAAN MAKANAN DAN MINUMAN/ RESTORAN;10;OKTOBER;2.32;PERSEN;2024;5
1023;32;JAWA BARAT;3213;KABUPATEN SUBANG;PERAWATAN PRIBADI DA JASA LAINNYA;10;OKTOBER;11.35;PERSEN;2024;4
1024;32;JAWA BARAT;3271;KOTA BOGOR;MAKANAN, MINUMAN DAN TEMBAKAU;10;OKTOBER;2.9;PERSEN;2024;0
1025;32;JAWA BARAT;3271;KOTA BOGOR;PAKAIAN DAN ALAS KAKI;10;OKTOBER;1.43;PERSEN;2024;0
1026;32;JAWA BARAT;3271;KOTA BOGOR;PERUMAHAN, AIR, LISTRIK DAN BAHAN BAKAR RUMAH TANGGA;10;OKTOBER;2.22;PERSEN;2024;0
1027;32;JAWA BARAT;3271;KOTA BOGOR;PERLENGKAPAN, PERALATAN DAN PEMELIHARAAN RUTIN RUMAH TANGGA;10;OKTOBER;0.42;PERSEN;2024;0
1028;32;JAWA BARAT;3271;KOTA BOGOR;KESEHATAN;10;OKTOBER;1.95;PERSEN;2024;0
1029;32;JAWA BARAT;3271;KOTA BOGOR;TRANSPORTASI;10;OKTOBER;0.4;PERSEN;2024;0
1030;32;JAWA BARAT;3271;KOTA BOGOR;INFORMASI, KOMUNIKASI DAN JASA KEUANGAN;10;OKTOBER;0.54;PERSEN;2024;0
1031;32;JAWA BARAT;3271;KOTA BOGOR;REKREASI, OLAHRAGA DAN BUDAYA;10;OKTOBER;0.91;PERSEN;2024;0
1032;32;JAWA BARAT;3271;KOTA BOGOR;PENDIDIKAN;10;OKTOBER;4.59;PERSEN;2024;0
1033;32;JAWA BARAT;3271;KOTA BOGOR;PENYEDIAAN MAKANAN DAN MINUMAN/ RESTORAN;10;OKTOBER;0.76;PERSEN;2024;0
1034;32;JAWA BARAT;3271;KOTA BOGOR;PERAWATAN PRIBADI DA JASA LAINNYA;10;OKTOBER;8.46;PERSEN;2024;0
1035;32;JAWA BARAT;3272;KOTA SUKABUMI;MAKANAN, MINUMAN DAN TEMBAKAU;10;OKTOBER;2.67;PERSEN;2024;0
1036;32;JAWA BARAT;3272;KOTA SUKABUMI;PAKAIAN DAN ALAS KAKI;10;OKTOBER;0.73;PERSEN;2024;0
1037;32;JAWA BARAT;3272;KOTA SUKABUMI;PERUMAHAN, AIR, LISTRIK DAN BAHAN BAKAR RUMAH TANGGA;10;OKTOBER;0.33;PERSEN;2024;0
1038;32;JAWA BARAT;3272;KOTA SUKABUMI;PERLENGKAPAN, PERALATAN DAN PEMELIHARAAN RUTIN RUMAH TANGGA;10;OKTOBER;0.19;PERSEN;2024;0
1039;32;JAWA BARAT;3272;KOTA SUKABUMI;KESEHATAN;10;OKTOBER;5.2;PERSEN;2024;0
1040;32;JAWA BARAT;3272;KOTA SUKABUMI;TRANSPORTASI;10;OKTOBER;-0.6;PERSEN;2024;0
1041;32;JAWA BARAT;3272;KOTA SUKABUMI;INFORMASI, KOMUNIKASI DAN JASA KEUANGAN;10;OKTOBER;-1.46;PERSEN;2024;0
1042;32;JAWA BARAT;3272;KOTA SUKABUMI;REKREASI, OLAHRAGA DAN BUDAYA;10;OKTOBER;3.71;PERSEN;2024;0
1043;32;JAWA BARAT;3272;KOTA SUKABUMI;PENDIDIKAN;10;OKTOBER;4.41;PERSEN;2024;0
1044;32;JAWA BARAT;3272;KOTA SUKABUMI;PENYEDIAAN MAKANAN DAN MINUMAN/ RESTORAN;10;OKTOBER;1.51;PERSEN;2024;0
1045;32;JAWA BARAT;3272;KOTA SUKABUMI;PERAWATAN PRIBADI DA JASA LAINNYA;10;OKTOBER;8.78;PERSEN;2024;0
1046;32;JAWA BARAT;3273;KOTA BANDUNG;MAKANAN, MINUMAN DAN TEMBAKAU;10;OKTOBER;3.16;PERSEN;2024;0
1047;32;JAWA BARAT;3273;KOTA BANDUNG;PAKAIAN DAN ALAS KAKI;10;OKTOBER;1.56;PERSEN;2024;0
1048;32;JAWA BARAT;3273;KOTA BANDUNG;PERUMAHAN, AIR, LISTRIK DAN BAHAN BAKAR RUMAH TANGGA;10;OKTOBER;0.39;PERSEN;2024;0
1049;32;JAWA BARAT;3273;KOTA BANDUNG;PERLENGKAPAN, PERALATAN DAN PEMELIHARAAN RUTIN RUMAH TANGGA;10;OKTOBER;-0.51;PERSEN;2024;0
1050;32;JAWA BARAT;3273;KOTA BANDUNG;KESEHATAN;10;OKTOBER;3.63;PERSEN;2024;0
1051;32;JAWA BARAT;3273;KOTA BANDUNG;TRANSPORTASI;10;OKTOBER;-1.57;PERSEN;2024;0
1052;32;JAWA BARAT;3273;KOTA BANDUNG;INFORMASI, KOMUNIKASI DAN JASA KEUANGAN;10;OKTOBER;-0.25;PERSEN;2024;0
1053;32;JAWA BARAT;3273;KOTA BANDUNG;REKREASI, OLAHRAGA DAN BUDAYA;10;OKTOBER;0.12;PERSEN;2024;0
1054;32;JAWA BARAT;3273;KOTA BANDUNG;PENDIDIKAN;10;OKTOBER;0.93;PERSEN;2024;0
1055;32;JAWA BARAT;3273;KOTA BANDUNG;PENYEDIAAN MAKANAN DAN MINUMAN/ RESTORAN;10;OKTOBER;2.09;PERSEN;2024;0
1056;32;JAWA BARAT;3273;KOTA BANDUNG;PERAWATAN PRIBADI DA JASA LAINNYA;10;OKTOBER;9.15;PERSEN;2024;0
1057;32;JAWA BARAT;3274;KOTA CIREBON;MAKANAN, MINUMAN DAN TEMBAKAU;10;OKTOBER;0.72;PERSEN;2024;0
1058;32;JAWA BARAT;3274;KOTA CIREBON;PAKAIAN DAN ALAS KAKI;10;OKTOBER;3.08;PERSEN;2024;0
1059;32;JAWA BARAT;3274;KOTA CIREBON;PERUMAHAN, AIR, LISTRIK DAN BAHAN BAKAR RUMAH TANGGA;10;OKTOBER;0.44;PERSEN;2024;0
1060;32;JAWA BARAT;3274;KOTA CIREBON;PERLENGKAPAN, PERALATAN DAN PEMELIHARAAN RUTIN RUMAH TANGGA;10;OKTOBER;1.91;PERSEN;2024;0
1061;32;JAWA BARAT;3274;KOTA CIREBON;KESEHATAN;10;OKTOBER;0.26;PERSEN;2024;0
1062;32;JAWA BARAT;3274;KOTA CIREBON;TRANSPORTASI;10;OKTOBER;-0.34;PERSEN;2024;0
1063;32;JAWA BARAT;3274;KOTA CIREBON;INFORMASI, KOMUNIKASI DAN JASA KEUANGAN;10;OKTOBER;-0.05;PERSEN;2024;0
1064;32;JAWA BARAT;3274;KOTA CIREBON;REKREASI, OLAHRAGA DAN BUDAYA;10;OKTOBER;1.0;PERSEN;2024;0
1065;32;JAWA BARAT;3274;KOTA CIREBON;PENDIDIKAN;10;OKTOBER;1.71;PERSEN;2024;0
1066;32;JAWA BARAT;3274;KOTA CIREBON;PENYEDIAAN MAKANAN DAN MINUMAN/ RESTORAN;10;OKTOBER;1.31;PERSEN;2024;0
1067;32;JAWA BARAT;3274;KOTA CIREBON;PERAWATAN PRIBADI DA JASA LAINNYA;10;OKTOBER;2.84;PERSEN;2024;0
1068;32;JAWA BARAT;3275;KOTA BEKASI;MAKANAN, MINUMAN DAN TEMBAKAU;10;OKTOBER;3.28;PERSEN;2024;0
1069;32;JAWA BARAT;3275;KOTA BEKASI;PAKAIAN DAN ALAS KAKI;10;OKTOBER;1.13;PERSEN;2024;0
1070;32;JAWA BARAT;3275;KOTA BEKASI;PERUMAHAN, AIR, LISTRIK DAN BAHAN BAKAR RUMAH TANGGA;10;OKTOBER;-0.01;PERSEN;2024;0
1071;32;JAWA BARAT;3275;KOTA BEKASI;PERLENGKAPAN, PERALATAN DAN PEMELIHARAAN RUTIN RUMAH TANGGA;10;OKTOBER;0.17;PERSEN;2024;0
1072;32;JAWA BARAT;3275;KOTA BEKASI;KESEHATAN;10;OKTOBER;1.46;PERSEN;2024;0
1073;32;JAWA BARAT;3275;KOTA BEKASI;TRANSPORTASI;10;OKTOBER;-0.09;PERSEN;2024;0
1074;32;JAWA BARAT;3275;KOTA BEKASI;INFORMASI, KOMUNIKASI DAN JASA KEUANGAN;10;OKTOBER;0.06;PERSEN;2024;0
1075;32;JAWA BARAT;3275;KOTA BEKASI;REKREASI, OLAHRAGA DAN BUDAYA;10;OKTOBER;8.61;PERSEN;2024;0
1076;32;JAWA BARAT;3275;KOTA BEKASI;PENDIDIKAN;10;OKTOBER;2.96;PERSEN;2024;0
1077;32;JAWA BARAT;3275;KOTA BEKASI;PENYEDIAAN MAKANAN DAN MINUMAN/ RESTORAN;10;OKTOBER;1.82;PERSEN;2024;0
1078;32;JAWA BARAT;3275;KOTA BEKASI;PERAWATAN PRIBADI DA JASA LAINNYA;10;OKTOBER;12.37;PERSEN;2024;4
1079;32;JAWA BARAT;3276;KOTA DEPOK;MAKANAN, MINUMAN DAN TEMBAKAU;10;OKTOBER;2.11;PERSEN;2024;0
1080;32;JAWA BARAT;3276;KOTA DEPOK;PAKAIAN DAN ALAS KAKI;10;OKTOBER;0.28;PERSEN;2024;0
1081;32;JAWA BARAT;3276;KOTA DEPOK;PERUMAHAN, AIR, LISTRIK DAN BAHAN BAKAR RUMAH TANGGA;10;OKTOBER;0.96;PERSEN;2024;0
1082;32;JAWA BARAT;3276;KOTA DEPOK;PERLENGKAPAN, PERALATAN DAN PEMELIHARAAN RUTIN RUMAH TANGGA;10;OKTOBER;2.57;PERSEN;2024;0
1083;32;JAWA BARAT;3276;KOTA DEPOK;KESEHATAN;10;OKTOBER;2.37;PERSEN;2024;0
1084;32;JAWA BARAT;3276;KOTA DEPOK;TRANSPORTASI;10;OKTOBER;-0.03;PERSEN;2024;0
1085;32;JAWA BARAT;3276;KOTA DEPOK;INFORMASI, KOMUNIKASI DAN JASA KEUANGAN;10;OKTOBER;-1.15;PERSEN;2024;0
1086;32;JAWA BARAT;3276;KOTA DEPOK;REKREASI, OLAHRAGA DAN BUDAYA;10;OKTOBER;4.19;PERSEN;2024;0
1087;32;JAWA BARAT;3276;KOTA DEPOK;PENDIDIKAN;10;OKTOBER;1.67;PERSEN;2024;0
1088;32;JAWA BARAT;3276;KOTA DEPOK;PENYEDIAAN MAKANAN DAN MINUMAN/ RESTORAN;10;OKTOBER;3.3;PERSEN;2024;0
1089;32;JAWA BARAT;3276;KOTA DEPOK;PERAWATAN PRIBADI DA JASA LAINNYA;10;OKTOBER;10.52;PERSEN;2024;4
1090;32;JAWA BARAT;3278;KOTA TASIKMALAYA;MAKANAN, MINUMAN DAN TEMBAKAU;10;OKTOBER;3.38;PERSEN;2024;0
1091;32;JAWA BARAT;3278;KOTA TASIKMALAYA;PAKAIAN DAN ALAS KAKI;10;OKTOBER;0.57;PERSEN;2024;0
1092;32;JAWA BARAT;3278;KOTA TASIKMALAYA;PERUMAHAN, AIR, LISTRIK DAN BAHAN BAKAR RUMAH TANGGA;10;OKTOBER;-0.41;PERSEN;2024;0
1093;32;JAWA BARAT;3278;KOTA TASIKMALAYA;PERLENGKAPAN, PERALATAN DAN PEMELIHARAAN RUTIN RUMAH TANGGA;10;OKTOBER;0.23;PERSEN;2024;0
1094;32;JAWA BARAT;3278;KOTA TASIKMALAYA;KESEHATAN;10;OKTOBER;1.25;PERSEN;2024;0
1095;32;JAWA BARAT;3278;KOTA TASIKMALAYA;TRANSPORTASI;10;OKTOBER;0.76;PERSEN;2024;0
1096;32;JAWA BARAT;3278;KOTA TASIKMALAYA;INFORMASI, KOMUNIKASI DAN JASA KEUANGAN;10;OKTOBER;-0.45;PERSEN;2024;0
1097;32;JAWA BARAT;3278;KOTA TASIKMALAYA;REKREASI, OLAHRAGA DAN BUDAYA;10;OKTOBER;3.43;PERSEN;2024;0
1098;32;JAWA BARAT;3278;KOTA TASIKMALAYA;PENDIDIKAN;10;OKTOBER;2.48;PERSEN;2024;0
1099;32;JAWA BARAT;3278;KOTA TASIKMALAYA;PENYEDIAAN MAKANAN DAN MINUMAN/ RESTORAN;10;OKTOBER;0.43;PERSEN;2024;0
1100;32;JAWA BARAT;3278;KOTA TASIKMALAYA;PERAWATAN PRIBADI DA JASA LAINNYA;10;OKTOBER;6.52;PERSEN;2024;0
1101;32;JAWA BARAT;3204;KABUPATEN BANDUNG;MAKANAN, MINUMAN DAN TEMBAKAU;11;NOVEMBER;1.4;PERSEN;2024;5
1102;32;JAWA BARAT;3204;KABUPATEN BANDUNG;PAKAIAN DAN ALAS KAKI;11;NOVEMBER;2.34;PERSEN;2024;5
1103;32;JAWA BARAT;3204;KABUPATEN BANDUNG;PERUMAHAN, AIR, LISTRIK DAN BAHAN BAKAR RUMAH TANGGA;11;NOVEMBER;0.33;PERSEN;2024;5
1104;32;JAWA BARAT;3204;KABUPATEN BANDUNG;PERLENGKAPAN, PERALATAN DAN PEMELIHARAAN RUTIN RUMAH TANGGA;11;NOVEMBER;2.11;PERSEN;2024;5
1105;32;JAWA BARAT;3204;KABUPATEN BANDUNG;KESEHATAN;11;NOVEMBER;2.51;PERSEN;2024;5
1106;32;JAWA BARAT;3204;KABUPATEN BANDUNG;TRANSPORTASI;11;NOVEMBER;-1.08;PERSEN;2024;5
1107;32;JAWA BARAT;3204;KABUPATEN BANDUNG;INFORMASI, KOMUNIKASI DAN JASA KEUANGAN;11;NOVEMBER;-0.89;PERSEN;2024;5
1108;32;JAWA BARAT;3204;KABUPATEN BANDUNG;REKREASI, OLAHRAGA DAN BUDAYA;11;NOVEMBER;1.67;PERSEN;2024;5
1109;32;JAWA BARAT;3204;KABUPATEN BANDUNG;PENDIDIKAN;11;NOVEMBER;2.85;PERSEN;2024;5
1110;32;JAWA BARAT;3204;KABUPATEN BANDUNG;PENYEDIAAN MAKANAN DAN MINUMAN/ RESTORAN;11;NOVEMBER;3.18;PERSEN;2024;5
1111;32;JAWA BARAT;3204;KABUPATEN BANDUNG;PERAWATAN PRIBADI DA JASA LAINNYA;11;NOVEMBER;6.27;PERSEN;2024;5
1112;32;JAWA BARAT;3210;KABUPATEN MAJALENGKA;MAKANAN, MINUMAN DAN TEMBAKAU;11;NOVEMBER;1.89;PERSEN;2024;5
1113;32;JAWA BARAT;3210;KABUPATEN MAJALENGKA;PAKAIAN DAN ALAS KAKI;11;NOVEMBER;2.75;PERSEN;2024;5
1114;32;JAWA BARAT;3210;KABUPATEN MAJALENGKA;PERUMAHAN, AIR, LISTRIK DAN BAHAN BAKAR RUMAH TANGGA;11;NOVEMBER;0.53;PERSEN;2024;5
1115;32;JAWA BARAT;3210;KABUPATEN MAJALENGKA;PERLENGKAPAN, PERALATAN DAN PEMELIHARAAN RUTIN RUMAH TANGGA;11;NOVEMBER;-0.31;PERSEN;2024;5
1116;32;JAWA BARAT;3210;KABUPATEN MAJALENGKA;KESEHATAN;11;NOVEMBER;4.34;PERSEN;2024;5
1117;32;JAWA BARAT;3210;KABUPATEN MAJALENGKA;TRANSPORTASI;11;NOVEMBER;-0.18;PERSEN;2024;5
1118;32;JAWA BARAT;3210;KABUPATEN MAJALENGKA;INFORMASI, KOMUNIKASI DAN JASA KEUANGAN;11;NOVEMBER;-0.33;PERSEN;2024;5
1119;32;JAWA BARAT;3210;KABUPATEN MAJALENGKA;REKREASI, OLAHRAGA DAN BUDAYA;11;NOVEMBER;1.57;PERSEN;2024;5
1120;32;JAWA BARAT;3210;KABUPATEN MAJALENGKA;PENDIDIKAN;11;NOVEMBER;1.34;PERSEN;2024;5
1121;32;JAWA BARAT;3210;KABUPATEN MAJALENGKA;PENYEDIAAN MAKANAN DAN MINUMAN/ RESTORAN;11;NOVEMBER;2.01;PERSEN;2024;5
1122;32;JAWA BARAT;3210;KABUPATEN MAJALENGKA;PERAWATAN PRIBADI DA JASA LAINNYA;11;NOVEMBER;6.71;PERSEN;2024;5
1123;32;JAWA BARAT;3213;KABUPATEN SUBANG;MAKANAN, MINUMAN DAN TEMBAKAU;11;NOVEMBER;0.01;PERSEN;2024;5
1124;32;JAWA BARAT;3213;KABUPATEN SUBANG;PAKAIAN DAN ALAS KAKI;11;NOVEMBER;-0.79;PERSEN;2024;5
1125;32;JAWA BARAT;3213;KABUPATEN SUBANG;PERUMAHAN, AIR, LISTRIK DAN BAHAN BAKAR RUMAH TANGGA;11;NOVEMBER;2.19;PERSEN;2024;5
1126;32;JAWA BARAT;3213;KABUPATEN SUBANG;PERLENGKAPAN, PERALATAN DAN PEMELIHARAAN RUTIN RUMAH TANGGA;11;NOVEMBER;1.63;PERSEN;2024;5
1127;32;JAWA BARAT;3213;KABUPATEN SUBANG;KESEHATAN;11;NOVEMBER;1.95;PERSEN;2024;5
1128;32;JAWA BARAT;3213;KABUPATEN SUBANG;TRANSPORTASI;11;NOVEMBER;0.48;PERSEN;2024;5
1129;32;JAWA BARAT;3213;KABUPATEN SUBANG;INFORMASI, KOMUNIKASI DAN JASA KEUANGAN;11;NOVEMBER;-0.7;PERSEN;2024;5
1130;32;JAWA BARAT;3213;KABUPATEN SUBANG;REKREASI, OLAHRAGA DAN BUDAYA;11;NOVEMBER;0.12;PERSEN;2024;5
1131;32;JAWA BARAT;3213;KABUPATEN SUBANG;PENDIDIKAN;11;NOVEMBER;0.67;PERSEN;2024;5
1132;32;JAWA BARAT;3213;KABUPATEN SUBANG;PENYEDIAAN MAKANAN DAN MINUMAN/ RESTORAN;11;NOVEMBER;2.05;PERSEN;2024;5
1133;32;JAWA BARAT;3213;KABUPATEN SUBANG;PERAWATAN PRIBADI DA JASA LAINNYA;11;NOVEMBER;11.39;PERSEN;2024;4
1134;32;JAWA BARAT;3271;KOTA BOGOR;MAKANAN, MINUMAN DAN TEMBAKAU;11;NOVEMBER;1.42;PERSEN;2024;0
1135;32;JAWA BARAT;3271;KOTA BOGOR;PAKAIAN DAN ALAS KAKI;11;NOVEMBER;1.56;PERSEN;2024;0
1136;32;JAWA BARAT;3271;KOTA BOGOR;PERUMAHAN, AIR, LISTRIK DAN BAHAN BAKAR RUMAH TANGGA;11;NOVEMBER;0.38;PERSEN;2024;0
1137;32;JAWA BARAT;3271;KOTA BOGOR;PERLENGKAPAN, PERALATAN DAN PEMELIHARAAN RUTIN RUMAH TANGGA;11;NOVEMBER;0.49;PERSEN;2024;0
1138;32;JAWA BARAT;3271;KOTA BOGOR;KESEHATAN;11;NOVEMBER;2.0;PERSEN;2024;0
1139;32;JAWA BARAT;3271;KOTA BOGOR;TRANSPORTASI;11;NOVEMBER;0.7;PERSEN;2024;0
1140;32;JAWA BARAT;3271;KOTA BOGOR;INFORMASI, KOMUNIKASI DAN JASA KEUANGAN;11;NOVEMBER;0.52;PERSEN;2024;0
1141;32;JAWA BARAT;3271;KOTA BOGOR;REKREASI, OLAHRAGA DAN BUDAYA;11;NOVEMBER;1.58;PERSEN;2024;0
1142;32;JAWA BARAT;3271;KOTA BOGOR;PENDIDIKAN;11;NOVEMBER;4.59;PERSEN;2024;0
1143;32;JAWA BARAT;3271;KOTA BOGOR;PENYEDIAAN MAKANAN DAN MINUMAN/ RESTORAN;11;NOVEMBER;0.92;PERSEN;2024;0
1144;32;JAWA BARAT;3271;KOTA BOGOR;PERAWATAN PRIBADI DA JASA LAINNYA;11;NOVEMBER;8.44;PERSEN;2024;0
1145;32;JAWA BARAT;3272;KOTA SUKABUMI;MAKANAN, MINUMAN DAN TEMBAKAU;11;NOVEMBER;1.75;PERSEN;2024;0
1146;32;JAWA BARAT;3272;KOTA SUKABUMI;PAKAIAN DAN ALAS KAKI;11;NOVEMBER;1.13;PERSEN;2024;0
1147;32;JAWA BARAT;3272;KOTA SUKABUMI;PERUMAHAN, AIR, LISTRIK DAN BAHAN BAKAR RUMAH TANGGA;11;NOVEMBER;0.35;PERSEN;2024;0
1148;32;JAWA BARAT;3272;KOTA SUKABUMI;PERLENGKAPAN, PERALATAN DAN PEMELIHARAAN RUTIN RUMAH TANGGA;11;NOVEMBER;0.42;PERSEN;2024;0
1149;32;JAWA BARAT;3272;KOTA SUKABUMI;KESEHATAN;11;NOVEMBER;5.84;PERSEN;2024;0
1150;32;JAWA BARAT;3272;KOTA SUKABUMI;TRANSPORTASI;11;NOVEMBER;-0.5;PERSEN;2024;0
1151;32;JAWA BARAT;3272;KOTA SUKABUMI;INFORMASI, KOMUNIKASI DAN JASA KEUANGAN;11;NOVEMBER;-1.13;PERSEN;2024;0
1152;32;JAWA BARAT;3272;KOTA SUKABUMI;REKREASI, OLAHRAGA DAN BUDAYA;11;NOVEMBER;3.39;PERSEN;2024;0
1153;32;JAWA BARAT;3272;KOTA SUKABUMI;PENDIDIKAN;11;NOVEMBER;4.41;PERSEN;2024;0
1154;32;JAWA BARAT;3272;KOTA SUKABUMI;PENYEDIAAN MAKANAN DAN MINUMAN/ RESTORAN;11;NOVEMBER;3.26;PERSEN;2024;0
1155;32;JAWA BARAT;3272;KOTA SUKABUMI;PERAWATAN PRIBADI DA JASA LAINNYA;11;NOVEMBER;9.52;PERSEN;2024;0
1156;32;JAWA BARAT;3273;KOTA BANDUNG;MAKANAN, MINUMAN DAN TEMBAKAU;11;NOVEMBER;2.46;PERSEN;2024;0
1157;32;JAWA BARAT;3273;KOTA BANDUNG;PAKAIAN DAN ALAS KAKI;11;NOVEMBER;1.67;PERSEN;2024;0
1158;32;JAWA BARAT;3273;KOTA BANDUNG;PERUMAHAN, AIR, LISTRIK DAN BAHAN BAKAR RUMAH TANGGA;11;NOVEMBER;0.39;PERSEN;2024;0
1159;32;JAWA BARAT;3273;KOTA BANDUNG;PERLENGKAPAN, PERALATAN DAN PEMELIHARAAN RUTIN RUMAH TANGGA;11;NOVEMBER;-0.5;PERSEN;2024;0
1160;32;JAWA BARAT;3273;KOTA BANDUNG;KESEHATAN;11;NOVEMBER;3.82;PERSEN;2024;0
1161;32;JAWA BARAT;3273;KOTA BANDUNG;TRANSPORTASI;11;NOVEMBER;-1.08;PERSEN;2024;0
1162;32;JAWA BARAT;3273;KOTA BANDUNG;INFORMASI, KOMUNIKASI DAN JASA KEUANGAN;11;NOVEMBER;-0.2;PERSEN;2024;0
1163;32;JAWA BARAT;3273;KOTA BANDUNG;REKREASI, OLAHRAGA DAN BUDAYA;11;NOVEMBER;0.74;PERSEN;2024;0
1164;32;JAWA BARAT;3273;KOTA BANDUNG;PENDIDIKAN;11;NOVEMBER;0.93;PERSEN;2024;0
1165;32;JAWA BARAT;3273;KOTA BANDUNG;PENYEDIAAN MAKANAN DAN MINUMAN/ RESTORAN;11;NOVEMBER;2.21;PERSEN;2024;0
1166;32;JAWA BARAT;3273;KOTA BANDUNG;PERAWATAN PRIBADI DA JASA LAINNYA;11;NOVEMBER;9.07;PERSEN;2024;0
1167;32;JAWA BARAT;3274;KOTA CIREBON;MAKANAN, MINUMAN DAN TEMBAKAU;11;NOVEMBER;0.56;PERSEN;2024;0
1168;32;JAWA BARAT;3274;KOTA CIREBON;PAKAIAN DAN ALAS KAKI;11;NOVEMBER;3.16;PERSEN;2024;0
1169;32;JAWA BARAT;3274;KOTA CIREBON;PERUMAHAN, AIR, LISTRIK DAN BAHAN BAKAR RUMAH TANGGA;11;NOVEMBER;0.44;PERSEN;2024;0
1170;32;JAWA BARAT;3274;KOTA CIREBON;PERLENGKAPAN, PERALATAN DAN PEMELIHARAAN RUTIN RUMAH TANGGA;11;NOVEMBER;1.31;PERSEN;2024;0
1171;32;JAWA BARAT;3274;KOTA CIREBON;KESEHATAN;11;NOVEMBER;-0.04;PERSEN;2024;0
1172;32;JAWA BARAT;3274;KOTA CIREBON;TRANSPORTASI;11;NOVEMBER;0.05;PERSEN;2024;0
1173;32;JAWA BARAT;3274;KOTA CIREBON;INFORMASI, KOMUNIKASI DAN JASA KEUANGAN;11;NOVEMBER;-0.05;PERSEN;2024;0
1174;32;JAWA BARAT;3274;KOTA CIREBON;REKREASI, OLAHRAGA DAN BUDAYA;11;NOVEMBER;1.0;PERSEN;2024;0
1175;32;JAWA BARAT;3274;KOTA CIREBON;PENDIDIKAN;11;NOVEMBER;1.71;PERSEN;2024;0
1176;32;JAWA BARAT;3274;KOTA CIREBON;PENYEDIAAN MAKANAN DAN MINUMAN/ RESTORAN;11;NOVEMBER;1.41;PERSEN;2024;0
1177;32;JAWA BARAT;3274;KOTA CIREBON;PERAWATAN PRIBADI DA JASA LAINNYA;11;NOVEMBER;2.76;PERSEN;2024;0
1178;32;JAWA BARAT;3275;KOTA BEKASI;MAKANAN, MINUMAN DAN TEMBAKAU;11;NOVEMBER;1.83;PERSEN;2024;0
1179;32;JAWA BARAT;3275;KOTA BEKASI;PAKAIAN DAN ALAS KAKI;11;NOVEMBER;1.03;PERSEN;2024;0
1180;32;JAWA BARAT;3275;KOTA BEKASI;PERUMAHAN, AIR, LISTRIK DAN BAHAN BAKAR RUMAH TANGGA;11;NOVEMBER;-0.01;PERSEN;2024;0
1181;32;JAWA BARAT;3275;KOTA BEKASI;PERLENGKAPAN, PERALATAN DAN PEMELIHARAAN RUTIN RUMAH TANGGA;11;NOVEMBER;0.68;PERSEN;2024;0
1182;32;JAWA BARAT;3275;KOTA BEKASI;KESEHATAN;11;NOVEMBER;1.43;PERSEN;2024;0
1183;32;JAWA BARAT;3275;KOTA BEKASI;TRANSPORTASI;11;NOVEMBER;0.21;PERSEN;2024;0
1184;32;JAWA BARAT;3275;KOTA BEKASI;INFORMASI, KOMUNIKASI DAN JASA KEUANGAN;11;NOVEMBER;0.07;PERSEN;2024;0
1185;32;JAWA BARAT;3275;KOTA BEKASI;REKREASI, OLAHRAGA DAN BUDAYA;11;NOVEMBER;8.39;PERSEN;2024;0
1186;32;JAWA BARAT;3275;KOTA BEKASI;PENDIDIKAN;11;NOVEMBER;2.96;PERSEN;2024;0
1187;32;JAWA BARAT;3275;KOTA BEKASI;PENYEDIAAN MAKANAN DAN MINUMAN/ RESTORAN;11;NOVEMBER;1.82;PERSEN;2024;0
1188;32;JAWA BARAT;3275;KOTA BEKASI;PERAWATAN PRIBADI DA JASA LAINNYA;11;NOVEMBER;13.49;PERSEN;2024;4
1189;32;JAWA BARAT;3276;KOTA DEPOK;MAKANAN, MINUMAN DAN TEMBAKAU;11;NOVEMBER;1.79;PERSEN;2024;0
1190;32;JAWA BARAT;3276;KOTA DEPOK;PAKAIAN DAN ALAS KAKI;11;NOVEMBER;0.12;PERSEN;2024;0
1191;32;JAWA BARAT;3276;KOTA DEPOK;PERUMAHAN, AIR, LISTRIK DAN BAHAN BAKAR RUMAH TANGGA;11;NOVEMBER;0.96;PERSEN;2024;0
1192;32;JAWA BARAT;3276;KOTA DEPOK;PERLENGKAPAN, PERALATAN DAN PEMELIHARAAN RUTIN RUMAH TANGGA;11;NOVEMBER;2.01;PERSEN;2024;0
1193;32;JAWA BARAT;3276;KOTA DEPOK;KESEHATAN;11;NOVEMBER;2.45;PERSEN;2024;0
1194;32;JAWA BARAT;3276;KOTA DEPOK;TRANSPORTASI;11;NOVEMBER;0.48;PERSEN;2024;0
1195;32;JAWA BARAT;3276;KOTA DEPOK;INFORMASI, KOMUNIKASI DAN JASA KEUANGAN;11;NOVEMBER;-1.08;PERSEN;2024;0
1196;32;JAWA BARAT;3276;KOTA DEPOK;REKREASI, OLAHRAGA DAN BUDAYA;11;NOVEMBER;3.48;PERSEN;2024;0
1197;32;JAWA BARAT;3276;KOTA DEPOK;PENDIDIKAN;11;NOVEMBER;1.67;PERSEN;2024;0
1198;32;JAWA BARAT;3276;KOTA DEPOK;PENYEDIAAN MAKANAN DAN MINUMAN/ RESTORAN;11;NOVEMBER;3.41;PERSEN;2024;0
1199;32;JAWA BARAT;3276;KOTA DEPOK;PERAWATAN PRIBADI DA JASA LAINNYA;11;NOVEMBER;10.54;PERSEN;2024;4
1200;32;JAWA BARAT;3278;KOTA TASIKMALAYA;MAKANAN, MINUMAN DAN TEMBAKAU;11;NOVEMBER;2.93;PERSEN;2024;0
1201;32;JAWA BARAT;3278;KOTA TASIKMALAYA;PAKAIAN DAN ALAS KAKI;11;NOVEMBER;0.74;PERSEN;2024;0
1202;32;JAWA BARAT;3278;KOTA TASIKMALAYA;PERUMAHAN, AIR, LISTRIK DAN BAHAN BAKAR RUMAH TANGGA;11;NOVEMBER;-0.33;PERSEN;2024;0
1203;32;JAWA BARAT;3278;KOTA TASIKMALAYA;PERLENGKAPAN, PERALATAN DAN PEMELIHARAAN RUTIN RUMAH TANGGA;11;NOVEMBER;0.25;PERSEN;2024;0
1204;32;JAWA BARAT;3278;KOTA TASIKMALAYA;KESEHATAN;11;NOVEMBER;1.12;PERSEN;2024;0
1205;32;JAWA BARAT;3278;KOTA TASIKMALAYA;TRANSPORTASI;11;NOVEMBER;0.97;PERSEN;2024;0
1206;32;JAWA BARAT;3278;KOTA TASIKMALAYA;INFORMASI, KOMUNIKASI DAN JASA KEUANGAN;11;NOVEMBER;-0.44;PERSEN;2024;0
1207;32;JAWA BARAT;3278;KOTA TASIKMALAYA;REKREASI, OLAHRAGA DAN BUDAYA;11;NOVEMBER;3.36;PERSEN;2024;0
1208;32;JAWA BARAT;3278;KOTA TASIKMALAYA;PENDIDIKAN;11;NOVEMBER;2.48;PERSEN;2024;0
1209;32;JAWA BARAT;3278;KOTA TASIKMALAYA;PENYEDIAAN MAKANAN DAN MINUMAN/ RESTORAN;11;NOVEMBER;0.37;PERSEN;2024;0
1210;32;JAWA BARAT;3278;KOTA TASIKMALAYA;PERAWATAN PRIBADI DA JASA LAINNYA;11;NOVEMBER;7.67;PERSEN;2024;0
1211;32;JAWA BARAT;3204;KABUPATEN BANDUNG;MAKANAN, MINUMAN DAN TEMBAKAU;12;DESEMBER;1.36;PERSEN;2024;5
1212;32;JAWA BARAT;3204;KABUPATEN BANDUNG;PAKAIAN DAN ALAS KAKI;12;DESEMBER;2.07;PERSEN;2024;5
1213;32;JAWA BARAT;3204;KABUPATEN BANDUNG;PERUMAHAN, AIR, LISTRIK DAN BAHAN BAKAR RUMAH TANGGA;12;DESEMBER;0.36;PERSEN;2024;5
1214;32;JAWA BARAT;3204;KABUPATEN BANDUNG;PERLENGKAPAN, PERALATAN DAN PEMELIHARAAN RUTIN RUMAH TANGGA;12;DESEMBER;1.89;PERSEN;2024;5
1215;32;JAWA BARAT;3204;KABUPATEN BANDUNG;KESEHATAN;12;DESEMBER;1.26;PERSEN;2024;5
1216;32;JAWA BARAT;3204;KABUPATEN BANDUNG;TRANSPORTASI;12;DESEMBER;-0.92;PERSEN;2024;5
1217;32;JAWA BARAT;3204;KABUPATEN BANDUNG;INFORMASI, KOMUNIKASI DAN JASA KEUANGAN;12;DESEMBER;-0.89;PERSEN;2024;5
1218;32;JAWA BARAT;3204;KABUPATEN BANDUNG;REKREASI, OLAHRAGA DAN BUDAYA;12;DESEMBER;1.41;PERSEN;2024;5
1219;32;JAWA BARAT;3204;KABUPATEN BANDUNG;PENDIDIKAN;12;DESEMBER;2.85;PERSEN;2024;5
1220;32;JAWA BARAT;3204;KABUPATEN BANDUNG;PENYEDIAAN MAKANAN DAN MINUMAN/ RESTORAN;12;DESEMBER;2.91;PERSEN;2024;5
1221;32;JAWA BARAT;3204;KABUPATEN BANDUNG;PERAWATAN PRIBADI DA JASA LAINNYA;12;DESEMBER;5.37;PERSEN;2024;5
1222;32;JAWA BARAT;3210;KABUPATEN MAJALENGKA;MAKANAN, MINUMAN DAN TEMBAKAU;12;DESEMBER;1.67;PERSEN;2024;5
1223;32;JAWA BARAT;3210;KABUPATEN MAJALENGKA;PAKAIAN DAN ALAS KAKI;12;DESEMBER;3.47;PERSEN;2024;5
1224;32;JAWA BARAT;3210;KABUPATEN MAJALENGKA;PERUMAHAN, AIR, LISTRIK DAN BAHAN BAKAR RUMAH TANGGA;12;DESEMBER;-0.02;PERSEN;2024;5
1225;32;JAWA BARAT;3210;KABUPATEN MAJALENGKA;PERLENGKAPAN, PERALATAN DAN PEMELIHARAAN RUTIN RUMAH TANGGA;12;DESEMBER;0.86;PERSEN;2024;5
1226;32;JAWA BARAT;3210;KABUPATEN MAJALENGKA;KESEHATAN;12;DESEMBER;3.25;PERSEN;2024;5
1227;32;JAWA BARAT;3210;KABUPATEN MAJALENGKA;TRANSPORTASI;12;DESEMBER;-0.69;PERSEN;2024;5
1228;32;JAWA BARAT;3210;KABUPATEN MAJALENGKA;INFORMASI, KOMUNIKASI DAN JASA KEUANGAN;12;DESEMBER;0.32;PERSEN;2024;5
1229;32;JAWA BARAT;3210;KABUPATEN MAJALENGKA;REKREASI, OLAHRAGA DAN BUDAYA;12;DESEMBER;1.4;PERSEN;2024;5
1230;32;JAWA BARAT;3210;KABUPATEN MAJALENGKA;PENDIDIKAN;12;DESEMBER;1.34;PERSEN;2024;5
1231;32;JAWA BARAT;3210;KABUPATEN MAJALENGKA;PENYEDIAAN MAKANAN DAN MINUMAN/ RESTORAN;12;DESEMBER;1.36;PERSEN;2024;5
1232;32;JAWA BARAT;3210;KABUPATEN MAJALENGKA;PERAWATAN PRIBADI DA JASA LAINNYA;12;DESEMBER;8.69;PERSEN;2024;5
1233;32;JAWA BARAT;3213;KABUPATEN SUBANG;MAKANAN, MINUMAN DAN TEMBAKAU;12;DESEMBER;-0.11;PERSEN;2024;5
1234;32;JAWA BARAT;3213;KABUPATEN SUBANG;PAKAIAN DAN ALAS KAKI;12;DESEMBER;-1.48;PERSEN;2024;5
1235;32;JAWA BARAT;3213;KABUPATEN SUBANG;PERUMAHAN, AIR, LISTRIK DAN BAHAN BAKAR RUMAH TANGGA;12;DESEMBER;2.08;PERSEN;2024;5
1236;32;JAWA BARAT;3213;KABUPATEN SUBANG;PERLENGKAPAN, PERALATAN DAN PEMELIHARAAN RUTIN RUMAH TANGGA;12;DESEMBER;1.9;PERSEN;2024;5
1237;32;JAWA BARAT;3213;KABUPATEN SUBANG;KESEHATAN;12;DESEMBER;1.95;PERSEN;2024;5
1238;32;JAWA BARAT;3213;KABUPATEN SUBANG;TRANSPORTASI;12;DESEMBER;0.41;PERSEN;2024;5
1239;32;JAWA BARAT;3213;KABUPATEN SUBANG;INFORMASI, KOMUNIKASI DAN JASA KEUANGAN;12;DESEMBER;-0.81;PERSEN;2024;5
1240;32;JAWA BARAT;3213;KABUPATEN SUBANG;REKREASI, OLAHRAGA DAN BUDAYA;12;DESEMBER;-0.84;PERSEN;2024;5
1241;32;JAWA BARAT;3213;KABUPATEN SUBANG;PENDIDIKAN;12;DESEMBER;0.06;PERSEN;2024;5
1242;32;JAWA BARAT;3213;KABUPATEN SUBANG;PENYEDIAAN MAKANAN DAN MINUMAN/ RESTORAN;12;DESEMBER;2.4;PERSEN;2024;5
1243;32;JAWA BARAT;3213;KABUPATEN SUBANG;PERAWATAN PRIBADI DA JASA LAINNYA;12;DESEMBER;7.4;PERSEN;2024;5
1244;32;JAWA BARAT;3271;KOTA BOGOR;MAKANAN, MINUMAN DAN TEMBAKAU;12;DESEMBER;2.35;PERSEN;2024;0
1245;32;JAWA BARAT;3271;KOTA BOGOR;PAKAIAN DAN ALAS KAKI;12;DESEMBER;1.5;PERSEN;2024;0
1246;32;JAWA BARAT;3271;KOTA BOGOR;PERUMAHAN, AIR, LISTRIK DAN BAHAN BAKAR RUMAH TANGGA;12;DESEMBER;0.36;PERSEN;2024;0
1247;32;JAWA BARAT;3271;KOTA BOGOR;PERLENGKAPAN, PERALATAN DAN PEMELIHARAAN RUTIN RUMAH TANGGA;12;DESEMBER;0.22;PERSEN;2024;0
1248;32;JAWA BARAT;3271;KOTA BOGOR;KESEHATAN;12;DESEMBER;2.74;PERSEN;2024;0
1249;32;JAWA BARAT;3271;KOTA BOGOR;TRANSPORTASI;12;DESEMBER;0.63;PERSEN;2024;0
1250;32;JAWA BARAT;3271;KOTA BOGOR;INFORMASI, KOMUNIKASI DAN JASA KEUANGAN;12;DESEMBER;0.38;PERSEN;2024;0
1251;32;JAWA BARAT;3271;KOTA BOGOR;REKREASI, OLAHRAGA DAN BUDAYA;12;DESEMBER;1.35;PERSEN;2024;0
1252;32;JAWA BARAT;3271;KOTA BOGOR;PENDIDIKAN;12;DESEMBER;4.59;PERSEN;2024;0
1253;32;JAWA BARAT;3271;KOTA BOGOR;PENYEDIAAN MAKANAN DAN MINUMAN/ RESTORAN;12;DESEMBER;1.19;PERSEN;2024;0
1254;32;JAWA BARAT;3271;KOTA BOGOR;PERAWATAN PRIBADI DA JASA LAINNYA;12;DESEMBER;8.37;PERSEN;2024;0
1255;32;JAWA BARAT;3272;KOTA SUKABUMI;MAKANAN, MINUMAN DAN TEMBAKAU;12;DESEMBER;4.32;PERSEN;2024;0
1256;32;JAWA BARAT;3272;KOTA SUKABUMI;PAKAIAN DAN ALAS KAKI;12;DESEMBER;1.1;PERSEN;2024;0
1257;32;JAWA BARAT;3272;KOTA SUKABUMI;PERUMAHAN, AIR, LISTRIK DAN BAHAN BAKAR RUMAH TANGGA;12;DESEMBER;0.35;PERSEN;2024;0
1258;32;JAWA BARAT;3272;KOTA SUKABUMI;PERLENGKAPAN, PERALATAN DAN PEMELIHARAAN RUTIN RUMAH TANGGA;12;DESEMBER;0.38;PERSEN;2024;0
1259;32;JAWA BARAT;3272;KOTA SUKABUMI;KESEHATAN;12;DESEMBER;5.9;PERSEN;2024;0
1260;32;JAWA BARAT;3272;KOTA SUKABUMI;TRANSPORTASI;12;DESEMBER;-0.26;PERSEN;2024;0
1261;32;JAWA BARAT;3272;KOTA SUKABUMI;INFORMASI, KOMUNIKASI DAN JASA KEUANGAN;12;DESEMBER;-0.95;PERSEN;2024;0
1262;32;JAWA BARAT;3272;KOTA SUKABUMI;REKREASI, OLAHRAGA DAN BUDAYA;12;DESEMBER;3.68;PERSEN;2024;0
1263;32;JAWA BARAT;3272;KOTA SUKABUMI;PENDIDIKAN;12;DESEMBER;4.41;PERSEN;2024;0
1264;32;JAWA BARAT;3272;KOTA SUKABUMI;PENYEDIAAN MAKANAN DAN MINUMAN/ RESTORAN;12;DESEMBER;3.46;PERSEN;2024;0
1265;32;JAWA BARAT;3272;KOTA SUKABUMI;PERAWATAN PRIBADI DA JASA LAINNYA;12;DESEMBER;8.18;PERSEN;2024;0
1266;32;JAWA BARAT;3273;KOTA BANDUNG;MAKANAN, MINUMAN DAN TEMBAKAU;12;DESEMBER;2.5;PERSEN;2024;0
1267;32;JAWA BARAT;3273;KOTA BANDUNG;PAKAIAN DAN ALAS KAKI;12;DESEMBER;1.86;PERSEN;2024;0
1268;32;JAWA BARAT;3273;KOTA BANDUNG;PERUMAHAN, AIR, LISTRIK DAN BAHAN BAKAR RUMAH TANGGA;12;DESEMBER;0.48;PERSEN;2024;0
1269;32;JAWA BARAT;3273;KOTA BANDUNG;PERLENGKAPAN, PERALATAN DAN PEMELIHARAAN RUTIN RUMAH TANGGA;12;DESEMBER;-0.2;PERSEN;2024;0
1270;32;JAWA BARAT;3273;KOTA BANDUNG;KESEHATAN;12;DESEMBER;4.3;PERSEN;2024;0
1271;32;JAWA BARAT;3273;KOTA BANDUNG;TRANSPORTASI;12;DESEMBER;-1.17;PERSEN;2024;0
1272;32;JAWA BARAT;3273;KOTA BANDUNG;INFORMASI, KOMUNIKASI DAN JASA KEUANGAN;12;DESEMBER;-0.07;PERSEN;2024;0
1273;32;JAWA BARAT;3273;KOTA BANDUNG;REKREASI, OLAHRAGA DAN BUDAYA;12;DESEMBER;0.67;PERSEN;2024;0
1274;32;JAWA BARAT;3273;KOTA BANDUNG;PENDIDIKAN;12;DESEMBER;0.93;PERSEN;2024;0
1275;32;JAWA BARAT;3273;KOTA BANDUNG;PENYEDIAAN MAKANAN DAN MINUMAN/ RESTORAN;12;DESEMBER;2.3;PERSEN;2024;0
1276;32;JAWA BARAT;3273;KOTA BANDUNG;PERAWATAN PRIBADI DA JASA LAINNYA;12;DESEMBER;9.09;PERSEN;2024;0
1277;32;JAWA BARAT;3274;KOTA CIREBON;MAKANAN, MINUMAN DAN TEMBAKAU;12;DESEMBER;1.04;PERSEN;2024;0
1278;32;JAWA BARAT;3274;KOTA CIREBON;PAKAIAN DAN ALAS KAKI;12;DESEMBER;2.74;PERSEN;2024;0
1279;32;JAWA BARAT;3274;KOTA CIREBON;PERUMAHAN, AIR, LISTRIK DAN BAHAN BAKAR RUMAH TANGGA;12;DESEMBER;0.44;PERSEN;2024;0
1280;32;JAWA BARAT;3274;KOTA CIREBON;PERLENGKAPAN, PERALATAN DAN PEMELIHARAAN RUTIN RUMAH TANGGA;12;DESEMBER;1.53;PERSEN;2024;0
1281;32;JAWA BARAT;3274;KOTA CIREBON;KESEHATAN;12;DESEMBER;0.28;PERSEN;2024;0
1282;32;JAWA BARAT;3274;KOTA CIREBON;TRANSPORTASI;12;DESEMBER;0.17;PERSEN;2024;0
1283;32;JAWA BARAT;3274;KOTA CIREBON;INFORMASI, KOMUNIKASI DAN JASA KEUANGAN;12;DESEMBER;-0.04;PERSEN;2024;0
1284;32;JAWA BARAT;3274;KOTA CIREBON;REKREASI, OLAHRAGA DAN BUDAYA;12;DESEMBER;1.0;PERSEN;2024;0
1285;32;JAWA BARAT;3274;KOTA CIREBON;PENDIDIKAN;12;DESEMBER;1.71;PERSEN;2024;0
1286;32;JAWA BARAT;3274;KOTA CIREBON;PENYEDIAAN MAKANAN DAN MINUMAN/ RESTORAN;12;DESEMBER;2.04;PERSEN;2024;0
1287;32;JAWA BARAT;3274;KOTA CIREBON;PERAWATAN PRIBADI DA JASA LAINNYA;12;DESEMBER;2.68;PERSEN;2024;0
1288;32;JAWA BARAT;3275;KOTA BEKASI;MAKANAN, MINUMAN DAN TEMBAKAU;12;DESEMBER;1.54;PERSEN;2024;0
1289;32;JAWA BARAT;3275;KOTA BEKASI;PAKAIAN DAN ALAS KAKI;12;DESEMBER;0.6;PERSEN;2024;0
1290;32;JAWA BARAT;3275;KOTA BEKASI;PERUMAHAN, AIR, LISTRIK DAN BAHAN BAKAR RUMAH TANGGA;12;DESEMBER;-0.01;PERSEN;2024;0
1291;32;JAWA BARAT;3275;KOTA BEKASI;PERLENGKAPAN, PERALATAN DAN PEMELIHARAAN RUTIN RUMAH TANGGA;12;DESEMBER;0.63;PERSEN;2024;0
1292;32;JAWA BARAT;3275;KOTA BEKASI;KESEHATAN;12;DESEMBER;0.79;PERSEN;2024;0
1293;32;JAWA BARAT;3275;KOTA BEKASI;TRANSPORTASI;12;DESEMBER;0.33;PERSEN;2024;0
1294;32;JAWA BARAT;3275;KOTA BEKASI;INFORMASI, KOMUNIKASI DAN JASA KEUANGAN;12;DESEMBER;0.01;PERSEN;2024;0
1295;32;JAWA BARAT;3275;KOTA BEKASI;REKREASI, OLAHRAGA DAN BUDAYA;12;DESEMBER;0.17;PERSEN;2024;0
1296;32;JAWA BARAT;3275;KOTA BEKASI;PENDIDIKAN;12;DESEMBER;2.96;PERSEN;2024;0
1297;32;JAWA BARAT;3275;KOTA BEKASI;PENYEDIAAN MAKANAN DAN MINUMAN/ RESTORAN;12;DESEMBER;1.9;PERSEN;2024;0
1298;32;JAWA BARAT;3275;KOTA BEKASI;PERAWATAN PRIBADI DA JASA LAINNYA;12;DESEMBER;12.9;PERSEN;2024;4
1299;32;JAWA BARAT;3276;KOTA DEPOK;MAKANAN, MINUMAN DAN TEMBAKAU;12;DESEMBER;1.91;PERSEN;2024;0
1300;32;JAWA BARAT;3276;KOTA DEPOK;PAKAIAN DAN ALAS KAKI;12;DESEMBER;0.12;PERSEN;2024;0
1301;32;JAWA BARAT;3276;KOTA DEPOK;PERUMAHAN, AIR, LISTRIK DAN BAHAN BAKAR RUMAH TANGGA;12;DESEMBER;0.94;PERSEN;2024;0
1302;32;JAWA BARAT;3276;KOTA DEPOK;PERLENGKAPAN, PERALATAN DAN PEMELIHARAAN RUTIN RUMAH TANGGA;12;DESEMBER;1.79;PERSEN;2024;0
1303;32;JAWA BARAT;3276;KOTA DEPOK;KESEHATAN;12;DESEMBER;2.56;PERSEN;2024;0
1304;32;JAWA BARAT;3276;KOTA DEPOK;TRANSPORTASI;12;DESEMBER;0.51;PERSEN;2024;0
1305;32;JAWA BARAT;3276;KOTA DEPOK;INFORMASI, KOMUNIKASI DAN JASA KEUANGAN;12;DESEMBER;-1.02;PERSEN;2024;0
1306;32;JAWA BARAT;3276;KOTA DEPOK;REKREASI, OLAHRAGA DAN BUDAYA;12;DESEMBER;3.19;PERSEN;2024;0
1307;32;JAWA BARAT;3276;KOTA DEPOK;PENDIDIKAN;12;DESEMBER;1.67;PERSEN;2024;0
1308;32;JAWA BARAT;3276;KOTA DEPOK;PENYEDIAAN MAKANAN DAN MINUMAN/ RESTORAN;12;DESEMBER;3.73;PERSEN;2024;0
1309;32;JAWA BARAT;3276;KOTA DEPOK;PERAWATAN PRIBADI DA JASA LAINNYA;12;DESEMBER;10.14;PERSEN;2024;4
1310;32;JAWA BARAT;3278;KOTA TASIKMALAYA;MAKANAN, MINUMAN DAN TEMBAKAU;12;DESEMBER;3.72;PERSEN;2024;0
1311;32;JAWA BARAT;3278;KOTA TASIKMALAYA;PAKAIAN DAN ALAS KAKI;12;DESEMBER;0.85;PERSEN;2024;0
1312;32;JAWA BARAT;3278;KOTA TASIKMALAYA;PERUMAHAN, AIR, LISTRIK DAN BAHAN BAKAR RUMAH TANGGA;12;DESEMBER;-0.29;PERSEN;2024;0
1313;32;JAWA BARAT;3278;KOTA TASIKMALAYA;PERLENGKAPAN, PERALATAN DAN PEMELIHARAAN RUTIN RUMAH TANGGA;12;DESEMBER;0.18;PERSEN;2024;0
1314;32;JAWA BARAT;3278;KOTA TASIKMALAYA;KESEHATAN;12;DESEMBER;1.32;PERSEN;2024;0
1315;32;JAWA BARAT;3278;KOTA TASIKMALAYA;TRANSPORTASI;12;DESEMBER;0.85;PERSEN;2024;0
1316;32;JAWA BARAT;3278;KOTA TASIKMALAYA;INFORMASI, KOMUNIKASI DAN JASA KEUANGAN;12;DESEMBER;-0.41;PERSEN;2024;0
1317;32;JAWA BARAT;3278;KOTA TASIKMALAYA;REKREASI, OLAHRAGA DAN BUDAYA;12;DESEMBER;1.86;PERSEN;2024;0
1318;32;JAWA BARAT;3278;KOTA TASIKMALAYA;PENDIDIKAN;12;DESEMBER;2.48;PERSEN;2024;0
1319;32;JAWA BARAT;3278;KOTA TASIKMALAYA;PENYEDIAAN MAKANAN DAN MINUMAN/ RESTORAN;12;DESEMBER;0.48;PERSEN;2024;0
1320;32;JAWA BARAT;3278;KOTA TASIKMALAYA;PERAWATAN PRIBADI DA JASA LAINNYA;12;DESEMBER;7.97;PERSEN;2024;0
1321;32;JAWA BARAT;3204;KABUPATEN BANDUNG;Makanan, Minuman dan Tembakau;1;JANUARI;2.5;PERSEN;2025;1
1322;32;JAWA BARAT;3204;KABUPATEN BANDUNG;Pakaian dan Alas Kaki;1;JANUARI;2.06;PERSEN;2025;1
1323;32;JAWA BARAT;3204;KABUPATEN BANDUNG;Perumahan, Air, Listrik dan Bahan Bakar Rumah Tangga;1;JANUARI;-14.58;PERSEN;2025;1
1324;32;JAWA BARAT;3204;KABUPATEN BANDUNG;Perlengkapan, Peralatan dan Pemeliharaan Rutin Rumah Tangga;1;JANUARI;1.93;PERSEN;2025;1
1325;32;JAWA BARAT;3204;KABUPATEN BANDUNG;Kesehatan;1;JANUARI;0.69;PERSEN;2025;1
1326;32;JAWA BARAT;3204;KABUPATEN BANDUNG;Transportasi;1;JANUARI;-0.24;PERSEN;2025;1
1327;32;JAWA BARAT;3204;KABUPATEN BANDUNG;Informasi, Komunikasi dan Jasa Keuangan;1;JANUARI;-0.39;PERSEN;2025;1
1328;32;JAWA BARAT;3204;KABUPATEN BANDUNG;Rekreasi, Olahraga dan Budaya;1;JANUARI;1.41;PERSEN;2025;1
1329;32;JAWA BARAT;3204;KABUPATEN BANDUNG;Pendidikan;1;JANUARI;2.85;PERSEN;2025;1
1330;32;JAWA BARAT;3204;KABUPATEN BANDUNG;Penyediaan Makanan dan Minuman/ Restoran;1;JANUARI;2.17;PERSEN;2025;1
1331;32;JAWA BARAT;3204;KABUPATEN BANDUNG;Perawatan Pribadi da Jasa Lainnya;1;JANUARI;5.23;PERSEN;2025;1
1332;32;JAWA BARAT;3204;KABUPATEN BANDUNG;Makanan, Minuman dan Tembakau;2;FEBRUARI;1.5;PERSEN;2025;1
1333;32;JAWA BARAT;3204;KABUPATEN BANDUNG;Pakaian dan Alas Kaki;2;FEBRUARI;2.17;PERSEN;2025;1
1334;32;JAWA BARAT;3204;KABUPATEN BANDUNG;Perumahan, Air, Listrik dan Bahan Bakar Rumah Tangga;2;FEBRUARI;-20.37;PERSEN;2025;1
1335;32;JAWA BARAT;3204;KABUPATEN BANDUNG;Perlengkapan, Peralatan dan Pemeliharaan Rutin Rumah Tangga;2;FEBRUARI;1.71;PERSEN;2025;1
1336;32;JAWA BARAT;3204;KABUPATEN BANDUNG;Kesehatan;2;FEBRUARI;1.08;PERSEN;2025;1
1337;32;JAWA BARAT;3204;KABUPATEN BANDUNG;Transportasi;2;FEBRUARI;0.22;PERSEN;2025;1
1338;32;JAWA BARAT;3204;KABUPATEN BANDUNG;Informasi, Komunikasi dan Jasa Keuangan;2;FEBRUARI;-0.16;PERSEN;2025;1
1339;32;JAWA BARAT;3204;KABUPATEN BANDUNG;Rekreasi, Olahraga dan Budaya;2;FEBRUARI;1.41;PERSEN;2025;1
1340;32;JAWA BARAT;3204;KABUPATEN BANDUNG;Pendidikan;2;FEBRUARI;2.85;PERSEN;2025;1
1341;32;JAWA BARAT;3204;KABUPATEN BANDUNG;Penyediaan Makanan dan Minuman/ Restoran;2;FEBRUARI;2.35;PERSEN;2025;1
1342;32;JAWA BARAT;3204;KABUPATEN BANDUNG;Perawatan Pribadi da Jasa Lainnya;2;FEBRUARI;5.62;PERSEN;2025;1
1343;32;JAWA BARAT;3204;KABUPATEN BANDUNG;Makanan, Minuman dan Tembakau;3;MARET;1.67;PERSEN;2025;1
1344;32;JAWA BARAT;3204;KABUPATEN BANDUNG;Pakaian dan Alas Kaki;3;MARET;2.62;PERSEN;2025;1
1345;32;JAWA BARAT;3204;KABUPATEN BANDUNG;Perumahan, Air, Listrik dan Bahan Bakar Rumah Tangga;3;MARET;-8.64;PERSEN;2025;1
1346;32;JAWA BARAT;3204;KABUPATEN BANDUNG;Perlengkapan, Peralatan dan Pemeliharaan Rutin Rumah Tangga;3;MARET;1.46;PERSEN;2025;1
1347;32;JAWA BARAT;3204;KABUPATEN BANDUNG;Kesehatan;3;MARET;1.08;PERSEN;2025;1
1348;32;JAWA BARAT;3204;KABUPATEN BANDUNG;Transportasi;3;MARET;0.23;PERSEN;2025;1
1349;32;JAWA BARAT;3204;KABUPATEN BANDUNG;Informasi, Komunikasi dan Jasa Keuangan;3;MARET;-0.16;PERSEN;2025;1
1350;32;JAWA BARAT;3204;KABUPATEN BANDUNG;Rekreasi, Olahraga dan Budaya;3;MARET;1.41;PERSEN;2025;1
1351;32;JAWA BARAT;3204;KABUPATEN BANDUNG;Pendidikan;3;MARET;2.85;PERSEN;2025;1
1352;32;JAWA BARAT;3204;KABUPATEN BANDUNG;Penyediaan Makanan dan Minuman/ Restoran;3;MARET;2.5;PERSEN;2025;1
1353;32;JAWA BARAT;3204;KABUPATEN BANDUNG;Perawatan Pribadi da Jasa Lainnya;3;MARET;6.14;PERSEN;2025;1
1354;32;JAWA BARAT;3204;KABUPATEN BANDUNG;Makanan, Minuman dan Tembakau;4;APRIL;1.76;PERSEN;2025;1
1355;32;JAWA BARAT;3204;KABUPATEN BANDUNG;Pakaian dan Alas Kaki;4;APRIL;0.31;PERSEN;2025;1
1356;32;JAWA BARAT;3204;KABUPATEN BANDUNG;Perumahan, Air, Listrik dan Bahan Bakar Rumah Tangga;4;APRIL;0.42;PERSEN;2025;1
1357;32;JAWA BARAT;3204;KABUPATEN BANDUNG;Perlengkapan, Peralatan dan Pemeliharaan Rutin Rumah Tangga;4;APRIL;1.53;PERSEN;2025;1
1358;32;JAWA BARAT;3204;KABUPATEN BANDUNG;Kesehatan;4;APRIL;1.08;PERSEN;2025;1
1359;32;JAWA BARAT;3204;KABUPATEN BANDUNG;Transportasi;4;APRIL;-0.1;PERSEN;2025;1
1360;32;JAWA BARAT;3204;KABUPATEN BANDUNG;Informasi, Komunikasi dan Jasa Keuangan;4;APRIL;-0.49;PERSEN;2025;1
1361;32;JAWA BARAT;3204;KABUPATEN BANDUNG;Rekreasi, Olahraga dan Budaya;4;APRIL;0.41;PERSEN;2025;1
1362;32;JAWA BARAT;3204;KABUPATEN BANDUNG;Pendidikan;4;APRIL;2.85;PERSEN;2025;1
1363;32;JAWA BARAT;3204;KABUPATEN BANDUNG;Penyediaan Makanan dan Minuman/ Restoran;4;APRIL;2.35;PERSEN;2025;1
1364;32;JAWA BARAT;3204;KABUPATEN BANDUNG;Perawatan Pribadi da Jasa Lainnya;4;APRIL;6.71;PERSEN;2025;1
1365;32;JAWA BARAT;3204;KABUPATEN BANDUNG;Makanan, Minuman dan Tembakau;5;MEI;1.06;PERSEN;2025;1
1366;32;JAWA BARAT;3204;KABUPATEN BANDUNG;Pakaian dan Alas Kaki;5;MEI;0.42;PERSEN;2025;1
1367;32;JAWA BARAT;3204;KABUPATEN BANDUNG;Perumahan, Air, Listrik dan Bahan Bakar Rumah Tangga;5;MEI;0.36;PERSEN;2025;1
1368;32;JAWA BARAT;3204;KABUPATEN BANDUNG;Perlengkapan, Peralatan dan Pemeliharaan Rutin Rumah Tangga;5;MEI;1.58;PERSEN;2025;1
1369;32;JAWA BARAT;3204;KABUPATEN BANDUNG;Kesehatan;5;MEI;0.92;PERSEN;2025;1
1370;32;JAWA BARAT;3204;KABUPATEN BANDUNG;Transportasi;5;MEI;-0.34;PERSEN;2025;1
1371;32;JAWA BARAT;3204;KABUPATEN BANDUNG;Informasi, Komunikasi dan Jasa Keuangan;5;MEI;-0.15;PERSEN;2025;1
1372;32;JAWA BARAT;3204;KABUPATEN BANDUNG;Rekreasi, Olahraga dan Budaya;5;MEI;-0.26;PERSEN;2025;1
1373;32;JAWA BARAT;3204;KABUPATEN BANDUNG;Pendidikan;5;MEI;2.85;PERSEN;2025;1
1374;32;JAWA BARAT;3204;KABUPATEN BANDUNG;Penyediaan Makanan dan Minuman/ Restoran;5;MEI;2.16;PERSEN;2025;1
1375;32;JAWA BARAT;3204;KABUPATEN BANDUNG;Perawatan Pribadi da Jasa Lainnya;5;MEI;5.98;PERSEN;2025;1
1376;32;JAWA BARAT;3204;KABUPATEN BANDUNG;Makanan, Minuman dan Tembakau;6;JUNI;1.46;PERSEN;2025;1
1377;32;JAWA BARAT;3204;KABUPATEN BANDUNG;Pakaian dan Alas Kaki;6;JUNI;0.67;PERSEN;2025;1
1378;32;JAWA BARAT;3204;KABUPATEN BANDUNG;Perumahan, Air, Listrik dan Bahan Bakar Rumah Tangga;6;JUNI;0.75;PERSEN;2025;1
1379;32;JAWA BARAT;3204;KABUPATEN BANDUNG;Perlengkapan, Peralatan dan Pemeliharaan Rutin Rumah Tangga;6;JUNI;1.38;PERSEN;2025;1
1380;32;JAWA BARAT;3204;KABUPATEN BANDUNG;Kesehatan;6;JUNI;0.89;PERSEN;2025;1
1381;32;JAWA BARAT;3204;KABUPATEN BANDUNG;Transportasi;6;JUNI;-0.6;PERSEN;2025;1
1382;32;JAWA BARAT;3204;KABUPATEN BANDUNG;Informasi, Komunikasi dan Jasa Keuangan;6;JUNI;-0.15;PERSEN;2025;1
1383;32;JAWA BARAT;3204;KABUPATEN BANDUNG;Rekreasi, Olahraga dan Budaya;6;JUNI;-0.26;PERSEN;2025;1
1384;32;JAWA BARAT;3204;KABUPATEN BANDUNG;Pendidikan;6;JUNI;2.85;PERSEN;2025;1
1385;32;JAWA BARAT;3204;KABUPATEN BANDUNG;Penyediaan Makanan dan Minuman/ Restoran;6;JUNI;1.18;PERSEN;2025;1
1386;32;JAWA BARAT;3204;KABUPATEN BANDUNG;Perawatan Pribadi da Jasa Lainnya;6;JUNI;6.81;PERSEN;2025;1
1387;32;JAWA BARAT;3204;KABUPATEN BANDUNG;Makanan, Minuman dan Tembakau;7;JULI;2.0;PERSEN;2025;1
1388;32;JAWA BARAT;3204;KABUPATEN BANDUNG;Pakaian dan Alas Kaki;7;JULI;0.57;PERSEN;2025;1
1389;32;JAWA BARAT;3204;KABUPATEN BANDUNG;Perumahan, Air, Listrik dan Bahan Bakar Rumah Tangga;7;JULI;1.33;PERSEN;2025;1
1390;32;JAWA BARAT;3204;KABUPATEN BANDUNG;Perlengkapan, Peralatan dan Pemeliharaan Rutin Rumah Tangga;7;JULI;0.77;PERSEN;2025;1
1391;32;JAWA BARAT;3204;KABUPATEN BANDUNG;Kesehatan;7;JULI;0.85;PERSEN;2025;1
1392;32;JAWA BARAT;3204;KABUPATEN BANDUNG;Transportasi;7;JULI;-0.23;PERSEN;2025;1
1393;32;JAWA BARAT;3204;KABUPATEN BANDUNG;Informasi, Komunikasi dan Jasa Keuangan;7;JULI;-0.15;PERSEN;2025;1
1394;32;JAWA BARAT;3204;KABUPATEN BANDUNG;Rekreasi, Olahraga dan Budaya;7;JULI;-0.26;PERSEN;2025;1
1395;32;JAWA BARAT;3204;KABUPATEN BANDUNG;Pendidikan;7;JULI;1.47;PERSEN;2025;1
1396;32;JAWA BARAT;3204;KABUPATEN BANDUNG;Penyediaan Makanan dan Minuman/ Restoran;7;JULI;1.18;PERSEN;2025;1
1397;32;JAWA BARAT;3204;KABUPATEN BANDUNG;Perawatan Pribadi da Jasa Lainnya;7;JULI;6.33;PERSEN;2025;1
1398;32;JAWA BARAT;3204;KABUPATEN BANDUNG;Makanan, Minuman dan Tembakau;8;AGUSTUS;2.11;PERSEN;2025;1
1399;32;JAWA BARAT;3204;KABUPATEN BANDUNG;Pakaian dan Alas Kaki;8;AGUSTUS;0.5;PERSEN;2025;1
1400;32;JAWA BARAT;3204;KABUPATEN BANDUNG;Perumahan, Air, Listrik dan Bahan Bakar Rumah Tangga;8;AGUSTUS;1.56;PERSEN;2025;1
1401;32;JAWA BARAT;3204;KABUPATEN BANDUNG;Perlengkapan, Peralatan dan Pemeliharaan Rutin Rumah Tangga;8;AGUSTUS;0.36;PERSEN;2025;1
1402;32;JAWA BARAT;3204;KABUPATEN BANDUNG;Kesehatan;8;AGUSTUS;0.85;PERSEN;2025;1
1403;32;JAWA BARAT;3204;KABUPATEN BANDUNG;Transportasi;8;AGUSTUS;-1.05;PERSEN;2025;1
1404;32;JAWA BARAT;3204;KABUPATEN BANDUNG;Informasi, Komunikasi dan Jasa Keuangan;8;AGUSTUS;-0.14;PERSEN;2025;1
1405;32;JAWA BARAT;3204;KABUPATEN BANDUNG;Rekreasi, Olahraga dan Budaya;8;AGUSTUS;-0.26;PERSEN;2025;1
1406;32;JAWA BARAT;3204;KABUPATEN BANDUNG;Pendidikan;8;AGUSTUS;1.39;PERSEN;2025;1
1407;32;JAWA BARAT;3204;KABUPATEN BANDUNG;Penyediaan Makanan dan Minuman/ Restoran;8;AGUSTUS;0.96;PERSEN;2025;1
1408;32;JAWA BARAT;3204;KABUPATEN BANDUNG;Perawatan Pribadi da Jasa Lainnya;8;AGUSTUS;5.92;PERSEN;2025;1
1409;32;JAWA BARAT;3210;KABUPATEN MAJALENGKA;Makanan, Minuman dan Tembakau;1;JANUARI;3.04;PERSEN;2025;1
1410;32;JAWA BARAT;3210;KABUPATEN MAJALENGKA;Pakaian dan Alas Kaki;1;JANUARI;3.4;PERSEN;2025;1
1411;32;JAWA BARAT;3210;KABUPATEN MAJALENGKA;Perumahan, Air, Listrik dan Bahan Bakar Rumah Tangga;1;JANUARI;-8.49;PERSEN;2025;1
1412;32;JAWA BARAT;3210;KABUPATEN MAJALENGKA;Perlengkapan, Peralatan dan Pemeliharaan Rutin Rumah Tangga;1;JANUARI;0.66;PERSEN;2025;1
1413;32;JAWA BARAT;3210;KABUPATEN MAJALENGKA;Kesehatan;1;JANUARI;3.14;PERSEN;2025;1
1414;32;JAWA BARAT;3210;KABUPATEN MAJALENGKA;Transportasi;1;JANUARI;0.12;PERSEN;2025;1
1415;32;JAWA BARAT;3210;KABUPATEN MAJALENGKA;Informasi, Komunikasi dan Jasa Keuangan;1;JANUARI;0.32;PERSEN;2025;1
1416;32;JAWA BARAT;3210;KABUPATEN MAJALENGKA;Rekreasi, Olahraga dan Budaya;1;JANUARI;1.4;PERSEN;2025;1
1417;32;JAWA BARAT;3210;KABUPATEN MAJALENGKA;Pendidikan;1;JANUARI;1.34;PERSEN;2025;1
1418;32;JAWA BARAT;3210;KABUPATEN MAJALENGKA;Penyediaan Makanan dan Minuman/ Restoran;1;JANUARI;1.31;PERSEN;2025;1
1419;32;JAWA BARAT;3210;KABUPATEN MAJALENGKA;Perawatan Pribadi da Jasa Lainnya;1;JANUARI;8.95;PERSEN;2025;4
1420;32;JAWA BARAT;3210;KABUPATEN MAJALENGKA;Makanan, Minuman dan Tembakau;2;FEBRUARI;1.34;PERSEN;2025;1
1421;32;JAWA BARAT;3210;KABUPATEN MAJALENGKA;Pakaian dan Alas Kaki;2;FEBRUARI;3.7;PERSEN;2025;1
1422;32;JAWA BARAT;3210;KABUPATEN MAJALENGKA;Perumahan, Air, Listrik dan Bahan Bakar Rumah Tangga;2;FEBRUARI;-16.67;PERSEN;2025;1
1423;32;JAWA BARAT;3210;KABUPATEN MAJALENGKA;Perlengkapan, Peralatan dan Pemeliharaan Rutin Rumah Tangga;2;FEBRUARI;0.38;PERSEN;2025;1
1424;32;JAWA BARAT;3210;KABUPATEN MAJALENGKA;Kesehatan;2;FEBRUARI;2.98;PERSEN;2025;1
1425;32;JAWA BARAT;3210;KABUPATEN MAJALENGKA;Transportasi;2;FEBRUARI;0.6;PERSEN;2025;1
1426;32;JAWA BARAT;3210;KABUPATEN MAJALENGKA;Informasi, Komunikasi dan Jasa Keuangan;2;FEBRUARI;0.21;PERSEN;2025;1
1427;32;JAWA BARAT;3210;KABUPATEN MAJALENGKA;Rekreasi, Olahraga dan Budaya;2;FEBRUARI;2.23;PERSEN;2025;1
1428;32;JAWA BARAT;3210;KABUPATEN MAJALENGKA;Pendidikan;2;FEBRUARI;1.34;PERSEN;2025;1
1429;32;JAWA BARAT;3210;KABUPATEN MAJALENGKA;Penyediaan Makanan dan Minuman/ Restoran;2;FEBRUARI;1.41;PERSEN;2025;1
1430;32;JAWA BARAT;3210;KABUPATEN MAJALENGKA;Perawatan Pribadi da Jasa Lainnya;2;FEBRUARI;10.24;PERSEN;2025;4
1431;32;JAWA BARAT;3210;KABUPATEN MAJALENGKA;Makanan, Minuman dan Tembakau;3;MARET;0.77;PERSEN;2025;1
1432;32;JAWA BARAT;3210;KABUPATEN MAJALENGKA;Pakaian dan Alas Kaki;3;MARET;4.54;PERSEN;2025;1
1433;32;JAWA BARAT;3210;KABUPATEN MAJALENGKA;Perumahan, Air, Listrik dan Bahan Bakar Rumah Tangga;3;MARET;-11.0;PERSEN;2025;1
1434;32;JAWA BARAT;3210;KABUPATEN MAJALENGKA;Perlengkapan, Peralatan dan Pemeliharaan Rutin Rumah Tangga;3;MARET;0.3;PERSEN;2025;1
1435;32;JAWA BARAT;3210;KABUPATEN MAJALENGKA;Kesehatan;3;MARET;2.75;PERSEN;2025;1
1436;32;JAWA BARAT;3210;KABUPATEN MAJALENGKA;Transportasi;3;MARET;0.94;PERSEN;2025;1
1437;32;JAWA BARAT;3210;KABUPATEN MAJALENGKA;Informasi, Komunikasi dan Jasa Keuangan;3;MARET;-0.04;PERSEN;2025;1
1438;32;JAWA BARAT;3210;KABUPATEN MAJALENGKA;Rekreasi, Olahraga dan Budaya;3;MARET;2.51;PERSEN;2025;1
1439;32;JAWA BARAT;3210;KABUPATEN MAJALENGKA;Pendidikan;3;MARET;1.34;PERSEN;2025;1
1440;32;JAWA BARAT;3210;KABUPATEN MAJALENGKA;Penyediaan Makanan dan Minuman/ Restoran;3;MARET;1.38;PERSEN;2025;1
1441;32;JAWA BARAT;3210;KABUPATEN MAJALENGKA;Perawatan Pribadi da Jasa Lainnya;3;MARET;10.87;PERSEN;2025;4
1442;32;JAWA BARAT;3210;KABUPATEN MAJALENGKA;Makanan, Minuman dan Tembakau;4;APRIL;1.25;PERSEN;2025;1
1443;32;JAWA BARAT;3210;KABUPATEN MAJALENGKA;Pakaian dan Alas Kaki;4;APRIL;3.7;PERSEN;2025;1
1444;32;JAWA BARAT;3210;KABUPATEN MAJALENGKA;Perumahan, Air, Listrik dan Bahan Bakar Rumah Tangga;4;APRIL;-0.03;PERSEN;2025;1
1445;32;JAWA BARAT;3210;KABUPATEN MAJALENGKA;Perlengkapan, Peralatan dan Pemeliharaan Rutin Rumah Tangga;4;APRIL;1.06;PERSEN;2025;1
1446;32;JAWA BARAT;3210;KABUPATEN MAJALENGKA;Kesehatan;4;APRIL;2.73;PERSEN;2025;1
1447;32;JAWA BARAT;3210;KABUPATEN MAJALENGKA;Transportasi;4;APRIL;-0.23;PERSEN;2025;1
1448;32;JAWA BARAT;3210;KABUPATEN MAJALENGKA;Informasi, Komunikasi dan Jasa Keuangan;4;APRIL;-0.93;PERSEN;2025;1
1449;32;JAWA BARAT;3210;KABUPATEN MAJALENGKA;Rekreasi, Olahraga dan Budaya;4;APRIL;1.74;PERSEN;2025;1
1450;32;JAWA BARAT;3210;KABUPATEN MAJALENGKA;Pendidikan;4;APRIL;1.34;PERSEN;2025;1
1451;32;JAWA BARAT;3210;KABUPATEN MAJALENGKA;Penyediaan Makanan dan Minuman/ Restoran;4;APRIL;1.45;PERSEN;2025;1
1452;32;JAWA BARAT;3210;KABUPATEN MAJALENGKA;Perawatan Pribadi da Jasa Lainnya;4;APRIL;13.02;PERSEN;2025;4
1453;32;JAWA BARAT;3210;KABUPATEN MAJALENGKA;Makanan, Minuman dan Tembakau;5;MEI;2.17;PERSEN;2025;1
1454;32;JAWA BARAT;3210;KABUPATEN MAJALENGKA;Pakaian dan Alas Kaki;5;MEI;4.31;PERSEN;2025;1
1455;32;JAWA BARAT;3210;KABUPATEN MAJALENGKA;Perumahan, Air, Listrik dan Bahan Bakar Rumah Tangga;5;MEI;-0.06;PERSEN;2025;1
1456;32;JAWA BARAT;3210;KABUPATEN MAJALENGKA;Perlengkapan, Peralatan dan Pemeliharaan Rutin Rumah Tangga;5;MEI;0.97;PERSEN;2025;1
1457;32;JAWA BARAT;3210;KABUPATEN MAJALENGKA;Kesehatan;5;MEI;2.82;PERSEN;2025;1
1458;32;JAWA BARAT;3210;KABUPATEN MAJALENGKA;Transportasi;5;MEI;0.1;PERSEN;2025;1
1459;32;JAWA BARAT;3210;KABUPATEN MAJALENGKA;Informasi, Komunikasi dan Jasa Keuangan;5;MEI;-0.82;PERSEN;2025;1
1460;32;JAWA BARAT;3210;KABUPATEN MAJALENGKA;Rekreasi, Olahraga dan Budaya;5;MEI;2.35;PERSEN;2025;1
1461;32;JAWA BARAT;3210;KABUPATEN MAJALENGKA;Pendidikan;5;MEI;1.34;PERSEN;2025;1
1462;32;JAWA BARAT;3210;KABUPATEN MAJALENGKA;Penyediaan Makanan dan Minuman/ Restoran;5;MEI;1.51;PERSEN;2025;1
1463;32;JAWA BARAT;3210;KABUPATEN MAJALENGKA;Perawatan Pribadi da Jasa Lainnya;5;MEI;13.25;PERSEN;2025;4
1464;32;JAWA BARAT;3210;KABUPATEN MAJALENGKA;Makanan, Minuman dan Tembakau;6;JUNI;2.46;PERSEN;2025;1
1465;32;JAWA BARAT;3210;KABUPATEN MAJALENGKA;Pakaian dan Alas Kaki;6;JUNI;4.5;PERSEN;2025;1
1466;32;JAWA BARAT;3210;KABUPATEN MAJALENGKA;Perumahan, Air, Listrik dan Bahan Bakar Rumah Tangga;6;JUNI;-0.07;PERSEN;2025;1
1467;32;JAWA BARAT;3210;KABUPATEN MAJALENGKA;Perlengkapan, Peralatan dan Pemeliharaan Rutin Rumah Tangga;6;JUNI;1.0;PERSEN;2025;1
1468;32;JAWA BARAT;3210;KABUPATEN MAJALENGKA;Kesehatan;6;JUNI;2.68;PERSEN;2025;1
1469;32;JAWA BARAT;3210;KABUPATEN MAJALENGKA;Transportasi;6;JUNI;-0.42;PERSEN;2025;1
1470;32;JAWA BARAT;3210;KABUPATEN MAJALENGKA;Informasi, Komunikasi dan Jasa Keuangan;6;JUNI;-0.67;PERSEN;2025;1
1471;32;JAWA BARAT;3210;KABUPATEN MAJALENGKA;Rekreasi, Olahraga dan Budaya;6;JUNI;3.07;PERSEN;2025;1
1472;32;JAWA BARAT;3210;KABUPATEN MAJALENGKA;Pendidikan;6;JUNI;1.34;PERSEN;2025;1
1473;32;JAWA BARAT;3210;KABUPATEN MAJALENGKA;Penyediaan Makanan dan Minuman/ Restoran;6;JUNI;1.42;PERSEN;2025;1
1474;32;JAWA BARAT;3210;KABUPATEN MAJALENGKA;Perawatan Pribadi da Jasa Lainnya;6;JUNI;13.02;PERSEN;2025;4
1475;32;JAWA BARAT;3210;KABUPATEN MAJALENGKA;Makanan, Minuman dan Tembakau;7;JULI;3.51;PERSEN;2025;1
1476;32;JAWA BARAT;3210;KABUPATEN MAJALENGKA;Pakaian dan Alas Kaki;7;JULI;2.96;PERSEN;2025;1
1477;32;JAWA BARAT;3210;KABUPATEN MAJALENGKA;Perumahan, Air, Listrik dan Bahan Bakar Rumah Tangga;7;JULI;-0.05;PERSEN;2025;1
1478;32;JAWA BARAT;3210;KABUPATEN MAJALENGKA;Perlengkapan, Peralatan dan Pemeliharaan Rutin Rumah Tangga;7;JULI;1.2;PERSEN;2025;1
1479;32;JAWA BARAT;3210;KABUPATEN MAJALENGKA;Kesehatan;7;JULI;2.18;PERSEN;2025;1
1480;32;JAWA BARAT;3210;KABUPATEN MAJALENGKA;Transportasi;7;JULI;0.05;PERSEN;2025;1
1481;32;JAWA BARAT;3210;KABUPATEN MAJALENGKA;Informasi, Komunikasi dan Jasa Keuangan;7;JULI;-0.44;PERSEN;2025;1
1482;32;JAWA BARAT;3210;KABUPATEN MAJALENGKA;Rekreasi, Olahraga dan Budaya;7;JULI;3.05;PERSEN;2025;1
1483;32;JAWA BARAT;3210;KABUPATEN MAJALENGKA;Pendidikan;7;JULI;1.72;PERSEN;2025;1
1484;32;JAWA BARAT;3210;KABUPATEN MAJALENGKA;Penyediaan Makanan dan Minuman/ Restoran;7;JULI;1.35;PERSEN;2025;1
1485;32;JAWA BARAT;3210;KABUPATEN MAJALENGKA;Perawatan Pribadi da Jasa Lainnya;7;JULI;13.18;PERSEN;2025;4
1486;32;JAWA BARAT;3210;KABUPATEN MAJALENGKA;Makanan, Minuman dan Tembakau;8;AGUSTUS;3.56;PERSEN;2025;1
1487;32;JAWA BARAT;3210;KABUPATEN MAJALENGKA;Pakaian dan Alas Kaki;8;AGUSTUS;2.52;PERSEN;2025;1
1488;32;JAWA BARAT;3210;KABUPATEN MAJALENGKA;Perumahan, Air, Listrik dan Bahan Bakar Rumah Tangga;8;AGUSTUS;0.07;PERSEN;2025;1
1489;32;JAWA BARAT;3210;KABUPATEN MAJALENGKA;Perlengkapan, Peralatan dan Pemeliharaan Rutin Rumah Tangga;8;AGUSTUS;0.88;PERSEN;2025;1
1490;32;JAWA BARAT;3210;KABUPATEN MAJALENGKA;Kesehatan;8;AGUSTUS;1.46;PERSEN;2025;1
1491;32;JAWA BARAT;3210;KABUPATEN MAJALENGKA;Transportasi;8;AGUSTUS;-0.84;PERSEN;2025;1
1492;32;JAWA BARAT;3210;KABUPATEN MAJALENGKA;Informasi, Komunikasi dan Jasa Keuangan;8;AGUSTUS;-0.22;PERSEN;2025;1
1493;32;JAWA BARAT;3210;KABUPATEN MAJALENGKA;Rekreasi, Olahraga dan Budaya;8;AGUSTUS;2.62;PERSEN;2025;1
1494;32;JAWA BARAT;3210;KABUPATEN MAJALENGKA;Pendidikan;8;AGUSTUS;1.47;PERSEN;2025;1
1495;32;JAWA BARAT;3210;KABUPATEN MAJALENGKA;Penyediaan Makanan dan Minuman/ Restoran;8;AGUSTUS;0.91;PERSEN;2025;1
1496;32;JAWA BARAT;3210;KABUPATEN MAJALENGKA;Perawatan Pribadi da Jasa Lainnya;8;AGUSTUS;13.87;PERSEN;2025;4
1497;32;JAWA BARAT;3213;KABUPATEN SUBANG;Makanan, Minuman dan Tembakau;1;JANUARI;0.42;PERSEN;2025;1
1498;32;JAWA BARAT;3213;KABUPATEN SUBANG;Pakaian dan Alas Kaki;1;JANUARI;-0.85;PERSEN;2025;1
1499;32;JAWA BARAT;3213;KABUPATEN SUBANG;Perumahan, Air, Listrik dan Bahan Bakar Rumah Tangga;1;JANUARI;-10.02;PERSEN;2025;1
1500;32;JAWA BARAT;3213;KABUPATEN SUBANG;Perlengkapan, Peralatan dan Pemeliharaan Rutin Rumah Tangga;1;JANUARI;1.63;PERSEN;2025;1
1501;32;JAWA BARAT;3213;KABUPATEN SUBANG;Kesehatan;1;JANUARI;1.16;PERSEN;2025;1
1502;32;JAWA BARAT;3213;KABUPATEN SUBANG;Transportasi;1;JANUARI;0.59;PERSEN;2025;1
1503;32;JAWA BARAT;3213;KABUPATEN SUBANG;Informasi, Komunikasi dan Jasa Keuangan;1;JANUARI;-0.94;PERSEN;2025;1
1504;32;JAWA BARAT;3213;KABUPATEN SUBANG;Rekreasi, Olahraga dan Budaya;1;JANUARI;-0.97;PERSEN;2025;1
1505;32;JAWA BARAT;3213;KABUPATEN SUBANG;Pendidikan;1;JANUARI;0.06;PERSEN;2025;1
1506;32;JAWA BARAT;3213;KABUPATEN SUBANG;Penyediaan Makanan dan Minuman/ Restoran;1;JANUARI;2.24;PERSEN;2025;1
1507;32;JAWA BARAT;3213;KABUPATEN SUBANG;Perawatan Pribadi da Jasa Lainnya;1;JANUARI;4.05;PERSEN;2025;1
1508;32;JAWA BARAT;3213;KABUPATEN SUBANG;Makanan, Minuman dan Tembakau;2;FEBRUARI;0.3;PERSEN;2025;1
1509;32;JAWA BARAT;3213;KABUPATEN SUBANG;Pakaian dan Alas Kaki;2;FEBRUARI;-0.42;PERSEN;2025;1
1510;32;JAWA BARAT;3213;KABUPATEN SUBANG;Perumahan, Air, Listrik dan Bahan Bakar Rumah Tangga;2;FEBRUARI;-16.92;PERSEN;2025;1
1511;32;JAWA BARAT;3213;KABUPATEN SUBANG;Perlengkapan, Peralatan dan Pemeliharaan Rutin Rumah Tangga;2;FEBRUARI;2.02;PERSEN;2025;1
1512;32;JAWA BARAT;3213;KABUPATEN SUBANG;Kesehatan;2;FEBRUARI;0.73;PERSEN;2025;1
1513;32;JAWA BARAT;3213;KABUPATEN SUBANG;Transportasi;2;FEBRUARI;0.88;PERSEN;2025;1
1514;32;JAWA BARAT;3213;KABUPATEN SUBANG;Informasi, Komunikasi dan Jasa Keuangan;2;FEBRUARI;-0.92;PERSEN;2025;1
1515;32;JAWA BARAT;3213;KABUPATEN SUBANG;Rekreasi, Olahraga dan Budaya;2;FEBRUARI;-0.34;PERSEN;2025;1
1516;32;JAWA BARAT;3213;KABUPATEN SUBANG;Pendidikan;2;FEBRUARI;0.06;PERSEN;2025;1
1517;32;JAWA BARAT;3213;KABUPATEN SUBANG;Penyediaan Makanan dan Minuman/ Restoran;2;FEBRUARI;2.39;PERSEN;2025;1
1518;32;JAWA BARAT;3213;KABUPATEN SUBANG;Perawatan Pribadi da Jasa Lainnya;2;FEBRUARI;4.17;PERSEN;2025;1
1519;32;JAWA BARAT;3213;KABUPATEN SUBANG;Makanan, Minuman dan Tembakau;3;MARET;1.22;PERSEN;2025;1
1520;32;JAWA BARAT;3213;KABUPATEN SUBANG;Pakaian dan Alas Kaki;3;MARET;2.35;PERSEN;2025;1
1521;32;JAWA BARAT;3213;KABUPATEN SUBANG;Perumahan, Air, Listrik dan Bahan Bakar Rumah Tangga;3;MARET;-7.83;PERSEN;2025;1
1522;32;JAWA BARAT;3213;KABUPATEN SUBANG;Perlengkapan, Peralatan dan Pemeliharaan Rutin Rumah Tangga;3;MARET;1.64;PERSEN;2025;1
1523;32;JAWA BARAT;3213;KABUPATEN SUBANG;Kesehatan;3;MARET;0.92;PERSEN;2025;1
1524;32;JAWA BARAT;3213;KABUPATEN SUBANG;Transportasi;3;MARET;0.92;PERSEN;2025;1
1525;32;JAWA BARAT;3213;KABUPATEN SUBANG;Informasi, Komunikasi dan Jasa Keuangan;3;MARET;-0.91;PERSEN;2025;1
1526;32;JAWA BARAT;3213;KABUPATEN SUBANG;Rekreasi, Olahraga dan Budaya;3;MARET;-0.05;PERSEN;2025;1
1527;32;JAWA BARAT;3213;KABUPATEN SUBANG;Pendidikan;3;MARET;0.06;PERSEN;2025;1
1528;32;JAWA BARAT;3213;KABUPATEN SUBANG;Penyediaan Makanan dan Minuman/ Restoran;3;MARET;2.4;PERSEN;2025;1
1529;32;JAWA BARAT;3213;KABUPATEN SUBANG;Perawatan Pribadi da Jasa Lainnya;3;MARET;5.26;PERSEN;2025;1
1530;32;JAWA BARAT;3213;KABUPATEN SUBANG;Makanan, Minuman dan Tembakau;4;APRIL;0.36;PERSEN;2025;1
1531;32;JAWA BARAT;3213;KABUPATEN SUBANG;Pakaian dan Alas Kaki;4;APRIL;2.35;PERSEN;2025;1
1532;32;JAWA BARAT;3213;KABUPATEN SUBANG;Perumahan, Air, Listrik dan Bahan Bakar Rumah Tangga;4;APRIL;1.56;PERSEN;2025;1
1533;32;JAWA BARAT;3213;KABUPATEN SUBANG;Perlengkapan, Peralatan dan Pemeliharaan Rutin Rumah Tangga;4;APRIL;2.31;PERSEN;2025;1
1534;32;JAWA BARAT;3213;KABUPATEN SUBANG;Kesehatan;4;APRIL;0.92;PERSEN;2025;1
1535;32;JAWA BARAT;3213;KABUPATEN SUBANG;Transportasi;4;APRIL;0.28;PERSEN;2025;1
1536;32;JAWA BARAT;3213;KABUPATEN SUBANG;Informasi, Komunikasi dan Jasa Keuangan;4;APRIL;-0.9;PERSEN;2025;1
1537;32;JAWA BARAT;3213;KABUPATEN SUBANG;Rekreasi, Olahraga dan Budaya;4;APRIL;1.87;PERSEN;2025;1
1538;32;JAWA BARAT;3213;KABUPATEN SUBANG;Pendidikan;4;APRIL;0.06;PERSEN;2025;1
1539;32;JAWA BARAT;3213;KABUPATEN SUBANG;Penyediaan Makanan dan Minuman/ Restoran;4;APRIL;2.4;PERSEN;2025;1
1540;32;JAWA BARAT;3213;KABUPATEN SUBANG;Perawatan Pribadi da Jasa Lainnya;4;APRIL;5.98;PERSEN;2025;1
1541;32;JAWA BARAT;3213;KABUPATEN SUBANG;Makanan, Minuman dan Tembakau;5;MEI;1.36;PERSEN;2025;1
1542;32;JAWA BARAT;3213;KABUPATEN SUBANG;Pakaian dan Alas Kaki;5;MEI;2.35;PERSEN;2025;1
1543;32;JAWA BARAT;3213;KABUPATEN SUBANG;Perumahan, Air, Listrik dan Bahan Bakar Rumah Tangga;5;MEI;1.63;PERSEN;2025;1
1544;32;JAWA BARAT;3213;KABUPATEN SUBANG;Perlengkapan, Peralatan dan Pemeliharaan Rutin Rumah Tangga;5;MEI;1.71;PERSEN;2025;1
1545;32;JAWA BARAT;3213;KABUPATEN SUBANG;Kesehatan;5;MEI;0.92;PERSEN;2025;1
1546;32;JAWA BARAT;3213;KABUPATEN SUBANG;Transportasi;5;MEI;0.63;PERSEN;2025;1
1547;32;JAWA BARAT;3213;KABUPATEN SUBANG;Informasi, Komunikasi dan Jasa Keuangan;5;MEI;-0.29;PERSEN;2025;1
1548;32;JAWA BARAT;3213;KABUPATEN SUBANG;Rekreasi, Olahraga dan Budaya;5;MEI;2.13;PERSEN;2025;1
1549;32;JAWA BARAT;3213;KABUPATEN SUBANG;Pendidikan;5;MEI;0.06;PERSEN;2025;1
1550;32;JAWA BARAT;3213;KABUPATEN SUBANG;Penyediaan Makanan dan Minuman/ Restoran;5;MEI;2.4;PERSEN;2025;1
1551;32;JAWA BARAT;3213;KABUPATEN SUBANG;Perawatan Pribadi da Jasa Lainnya;5;MEI;5.72;PERSEN;2025;1
1552;32;JAWA BARAT;3213;KABUPATEN SUBANG;Makanan, Minuman dan Tembakau;6;JUNI;2.92;PERSEN;2025;1
1553;32;JAWA BARAT;3213;KABUPATEN SUBANG;Pakaian dan Alas Kaki;6;JUNI;2.35;PERSEN;2025;1
1554;32;JAWA BARAT;3213;KABUPATEN SUBANG;Perumahan, Air, Listrik dan Bahan Bakar Rumah Tangga;6;JUNI;1.63;PERSEN;2025;1
1555;32;JAWA BARAT;3213;KABUPATEN SUBANG;Perlengkapan, Peralatan dan Pemeliharaan Rutin Rumah Tangga;6;JUNI;1.7;PERSEN;2025;1
1556;32;JAWA BARAT;3213;KABUPATEN SUBANG;Kesehatan;6;JUNI;0.92;PERSEN;2025;1
1557;32;JAWA BARAT;3213;KABUPATEN SUBANG;Transportasi;6;JUNI;0.5;PERSEN;2025;1
1558;32;JAWA BARAT;3213;KABUPATEN SUBANG;Informasi, Komunikasi dan Jasa Keuangan;6;JUNI;-0.25;PERSEN;2025;1
1559;32;JAWA BARAT;3213;KABUPATEN SUBANG;Rekreasi, Olahraga dan Budaya;6;JUNI;3.28;PERSEN;2025;1
1560;32;JAWA BARAT;3213;KABUPATEN SUBANG;Pendidikan;6;JUNI;0.06;PERSEN;2025;1
1561;32;JAWA BARAT;3213;KABUPATEN SUBANG;Penyediaan Makanan dan Minuman/ Restoran;6;JUNI;2.29;PERSEN;2025;1
1562;32;JAWA BARAT;3213;KABUPATEN SUBANG;Perawatan Pribadi da Jasa Lainnya;6;JUNI;5.85;PERSEN;2025;1
1563;32;JAWA BARAT;3213;KABUPATEN SUBANG;Makanan, Minuman dan Tembakau;7;JULI;2.3;PERSEN;2025;1
1564;32;JAWA BARAT;3213;KABUPATEN SUBANG;Pakaian dan Alas Kaki;7;JULI;2.35;PERSEN;2025;1
1565;32;JAWA BARAT;3213;KABUPATEN SUBANG;Perumahan, Air, Listrik dan Bahan Bakar Rumah Tangga;7;JULI;1.05;PERSEN;2025;1
1566;32;JAWA BARAT;3213;KABUPATEN SUBANG;Perlengkapan, Peralatan dan Pemeliharaan Rutin Rumah Tangga;7;JULI;1.23;PERSEN;2025;1
1567;32;JAWA BARAT;3213;KABUPATEN SUBANG;Kesehatan;7;JULI;0.52;PERSEN;2025;1
1568;32;JAWA BARAT;3213;KABUPATEN SUBANG;Transportasi;7;JULI;0.56;PERSEN;2025;1
1569;32;JAWA BARAT;3213;KABUPATEN SUBANG;Informasi, Komunikasi dan Jasa Keuangan;7;JULI;-0.12;PERSEN;2025;1
1570;32;JAWA BARAT;3213;KABUPATEN SUBANG;Rekreasi, Olahraga dan Budaya;7;JULI;3.35;PERSEN;2025;1
1571;32;JAWA BARAT;3213;KABUPATEN SUBANG;Pendidikan;7;JULI;0.28;PERSEN;2025;1
1572;32;JAWA BARAT;3213;KABUPATEN SUBANG;Penyediaan Makanan dan Minuman/ Restoran;7;JULI;1.94;PERSEN;2025;1
1573;32;JAWA BARAT;3213;KABUPATEN SUBANG;Perawatan Pribadi da Jasa Lainnya;7;JULI;5.56;PERSEN;2025;1
1574;32;JAWA BARAT;3213;KABUPATEN SUBANG;Makanan, Minuman dan Tembakau;8;AGUSTUS;2.06;PERSEN;2025;1
1575;32;JAWA BARAT;3213;KABUPATEN SUBANG;Pakaian dan Alas Kaki;8;AGUSTUS;2.26;PERSEN;2025;1
1576;32;JAWA BARAT;3213;KABUPATEN SUBANG;Perumahan, Air, Listrik dan Bahan Bakar Rumah Tangga;8;AGUSTUS;0.86;PERSEN;2025;1
1577;32;JAWA BARAT;3213;KABUPATEN SUBANG;Perlengkapan, Peralatan dan Pemeliharaan Rutin Rumah Tangga;8;AGUSTUS;0.53;PERSEN;2025;1
1578;32;JAWA BARAT;3213;KABUPATEN SUBANG;Kesehatan;8;AGUSTUS;0.52;PERSEN;2025;1
1579;32;JAWA BARAT;3213;KABUPATEN SUBANG;Transportasi;8;AGUSTUS;-0.03;PERSEN;2025;1
1580;32;JAWA BARAT;3213;KABUPATEN SUBANG;Informasi, Komunikasi dan Jasa Keuangan;8;AGUSTUS;-0.12;PERSEN;2025;1
1581;32;JAWA BARAT;3213;KABUPATEN SUBANG;Rekreasi, Olahraga dan Budaya;8;AGUSTUS;2.74;PERSEN;2025;1
1582;32;JAWA BARAT;3213;KABUPATEN SUBANG;Pendidikan;8;AGUSTUS;0.28;PERSEN;2025;1
1583;32;JAWA BARAT;3213;KABUPATEN SUBANG;Penyediaan Makanan dan Minuman/ Restoran;8;AGUSTUS;0.98;PERSEN;2025;1
1584;32;JAWA BARAT;3213;KABUPATEN SUBANG;Perawatan Pribadi da Jasa Lainnya;8;AGUSTUS;5.15;PERSEN;2025;1
1585;32;JAWA BARAT;3271;KOTA BOGOR;Makanan, Minuman dan Tembakau;1;JANUARI;4.94;PERSEN;2025;3
1586;32;JAWA BARAT;3271;KOTA BOGOR;Pakaian dan Alas Kaki;1;JANUARI;1.69;PERSEN;2025;3
1587;32;JAWA BARAT;3271;KOTA BOGOR;Perumahan, Air, Listrik dan Bahan Bakar Rumah Tangga;1;JANUARI;-5.52;PERSEN;2025;3
1588;32;JAWA BARAT;3271;KOTA BOGOR;Perlengkapan, Peralatan dan Pemeliharaan Rutin Rumah Tangga;1;JANUARI;0.6;PERSEN;2025;3
1589;32;JAWA BARAT;3271;KOTA BOGOR;Kesehatan;1;JANUARI;2.23;PERSEN;2025;3
1590;32;JAWA BARAT;3271;KOTA BOGOR;Transportasi;1;JANUARI;0.59;PERSEN;2025;3
1591;32;JAWA BARAT;3271;KOTA BOGOR;Informasi, Komunikasi dan Jasa Keuangan;1;JANUARI;0.36;PERSEN;2025;3
1592;32;JAWA BARAT;3271;KOTA BOGOR;Rekreasi, Olahraga dan Budaya;1;JANUARI;1.22;PERSEN;2025;3
1593;32;JAWA BARAT;3271;KOTA BOGOR;Pendidikan;1;JANUARI;4.61;PERSEN;2025;3
1594;32;JAWA BARAT;3271;KOTA BOGOR;Penyediaan Makanan dan Minuman/ Restoran;1;JANUARI;1.19;PERSEN;2025;3
1595;32;JAWA BARAT;3271;KOTA BOGOR;Perawatan Pribadi da Jasa Lainnya;1;JANUARI;8.54;PERSEN;2025;4
1596;32;JAWA BARAT;3271;KOTA BOGOR;Makanan, Minuman dan Tembakau;2;FEBRUARI;1.73;PERSEN;2025;3
1597;32;JAWA BARAT;3271;KOTA BOGOR;Pakaian dan Alas Kaki;2;FEBRUARI;0.41;PERSEN;2025;3
1598;32;JAWA BARAT;3271;KOTA BOGOR;Perumahan, Air, Listrik dan Bahan Bakar Rumah Tangga;2;FEBRUARI;-9.4;PERSEN;2025;3
1599;32;JAWA BARAT;3271;KOTA BOGOR;Perlengkapan, Peralatan dan Pemeliharaan Rutin Rumah Tangga;2;FEBRUARI;0.31;PERSEN;2025;3
1600;32;JAWA BARAT;3271;KOTA BOGOR;Kesehatan;2;FEBRUARI;0.15;PERSEN;2025;3
1601;32;JAWA BARAT;3271;KOTA BOGOR;Transportasi;2;FEBRUARI;0.54;PERSEN;2025;3
1602;32;JAWA BARAT;3271;KOTA BOGOR;Informasi, Komunikasi dan Jasa Keuangan;2;FEBRUARI;-0.06;PERSEN;2025;3
1603;32;JAWA BARAT;3271;KOTA BOGOR;Rekreasi, Olahraga dan Budaya;2;FEBRUARI;-0.02;PERSEN;2025;3
1604;32;JAWA BARAT;3271;KOTA BOGOR;Pendidikan;2;FEBRUARI;0.02;PERSEN;2025;3
1605;32;JAWA BARAT;3271;KOTA BOGOR;Penyediaan Makanan dan Minuman/ Restoran;2;FEBRUARI;1.1;PERSEN;2025;3
1606;32;JAWA BARAT;3271;KOTA BOGOR;Perawatan Pribadi da Jasa Lainnya;2;FEBRUARI;2.58;PERSEN;2025;3
1607;32;JAWA BARAT;3271;KOTA BOGOR;Makanan, Minuman dan Tembakau;3;MARET;1.93;PERSEN;2025;3
1608;32;JAWA BARAT;3271;KOTA BOGOR;Pakaian dan Alas Kaki;3;MARET;2.59;PERSEN;2025;3
1609;32;JAWA BARAT;3271;KOTA BOGOR;Perumahan, Air, Listrik dan Bahan Bakar Rumah Tangga;3;MARET;-4.72;PERSEN;2025;3
1610;32;JAWA BARAT;3271;KOTA BOGOR;Perlengkapan, Peralatan dan Pemeliharaan Rutin Rumah Tangga;3;MARET;1.19;PERSEN;2025;3
1611;32;JAWA BARAT;3271;KOTA BOGOR;Kesehatan;3;MARET;1.85;PERSEN;2025;3
1612;32;JAWA BARAT;3271;KOTA BOGOR;Transportasi;3;MARET;0.85;PERSEN;2025;3
1613;32;JAWA BARAT;3271;KOTA BOGOR;Informasi, Komunikasi dan Jasa Keuangan;3;MARET;0.28;PERSEN;2025;3
1614;32;JAWA BARAT;3271;KOTA BOGOR;Rekreasi, Olahraga dan Budaya;3;MARET;1.38;PERSEN;2025;3
1615;32;JAWA BARAT;3271;KOTA BOGOR;Pendidikan;3;MARET;4.61;PERSEN;2025;3
1616;32;JAWA BARAT;3271;KOTA BOGOR;Penyediaan Makanan dan Minuman/ Restoran;3;MARET;2.39;PERSEN;2025;3
1617;32;JAWA BARAT;3271;KOTA BOGOR;Perawatan Pribadi da Jasa Lainnya;3;MARET;11.61;PERSEN;2025;4
1618;32;JAWA BARAT;3271;KOTA BOGOR;Makanan, Minuman dan Tembakau;4;APRIL;1.37;PERSEN;2025;3
1619;32;JAWA BARAT;3271;KOTA BOGOR;Pakaian dan Alas Kaki;4;APRIL;2.48;PERSEN;2025;3
1620;32;JAWA BARAT;3271;KOTA BOGOR;Perumahan, Air, Listrik dan Bahan Bakar Rumah Tangga;4;APRIL;0.32;PERSEN;2025;3
1621;32;JAWA BARAT;3271;KOTA BOGOR;Perlengkapan, Peralatan dan Pemeliharaan Rutin Rumah Tangga;4;APRIL;1.79;PERSEN;2025;3
1622;32;JAWA BARAT;3271;KOTA BOGOR;Kesehatan;4;APRIL;1.87;PERSEN;2025;3
1623;32;JAWA BARAT;3271;KOTA BOGOR;Transportasi;4;APRIL;0.43;PERSEN;2025;3
1624;32;JAWA BARAT;3271;KOTA BOGOR;Informasi, Komunikasi dan Jasa Keuangan;4;APRIL;-0.12;PERSEN;2025;3
1625;32;JAWA BARAT;3271;KOTA BOGOR;Rekreasi, Olahraga dan Budaya;4;APRIL;1.73;PERSEN;2025;3
1626;32;JAWA BARAT;3271;KOTA BOGOR;Pendidikan;4;APRIL;4.65;PERSEN;2025;3
1627;32;JAWA BARAT;3271;KOTA BOGOR;Penyediaan Makanan dan Minuman/ Restoran;4;APRIL;2.53;PERSEN;2025;3
1628;32;JAWA BARAT;3271;KOTA BOGOR;Perawatan Pribadi da Jasa Lainnya;4;APRIL;11.77;PERSEN;2025;4
1629;32;JAWA BARAT;3271;KOTA BOGOR;Makanan, Minuman dan Tembakau;5;MEI;0.43;PERSEN;2025;3
1630;32;JAWA BARAT;3271;KOTA BOGOR;Pakaian dan Alas Kaki;5;MEI;2.05;PERSEN;2025;3
1631;32;JAWA BARAT;3271;KOTA BOGOR;Perumahan, Air, Listrik dan Bahan Bakar Rumah Tangga;5;MEI;0.37;PERSEN;2025;3
1632;32;JAWA BARAT;3271;KOTA BOGOR;Perlengkapan, Peralatan dan Pemeliharaan Rutin Rumah Tangga;5;MEI;1.69;PERSEN;2025;3
1633;32;JAWA BARAT;3271;KOTA BOGOR;Kesehatan;5;MEI;1.89;PERSEN;2025;3
1634;32;JAWA BARAT;3271;KOTA BOGOR;Transportasi;5;MEI;0.38;PERSEN;2025;3
1635;32;JAWA BARAT;3271;KOTA BOGOR;Informasi, Komunikasi dan Jasa Keuangan;5;MEI;0.36;PERSEN;2025;3
1636;32;JAWA BARAT;3271;KOTA BOGOR;Rekreasi, Olahraga dan Budaya;5;MEI;1.55;PERSEN;2025;3
1637;32;JAWA BARAT;3271;KOTA BOGOR;Pendidikan;5;MEI;4.65;PERSEN;2025;3
1638;32;JAWA BARAT;3271;KOTA BOGOR;Penyediaan Makanan dan Minuman/ Restoran;5;MEI;2.48;PERSEN;2025;3
1639;32;JAWA BARAT;3271;KOTA BOGOR;Perawatan Pribadi da Jasa Lainnya;5;MEI;11.92;PERSEN;2025;4
1640;32;JAWA BARAT;3271;KOTA BOGOR;Makanan, Minuman dan Tembakau;6;JUNI;2.28;PERSEN;2025;3
1641;32;JAWA BARAT;3271;KOTA BOGOR;Pakaian dan Alas Kaki;6;JUNI;2.12;PERSEN;2025;3
1642;32;JAWA BARAT;3271;KOTA BOGOR;Perumahan, Air, Listrik dan Bahan Bakar Rumah Tangga;6;JUNI;0.54;PERSEN;2025;3
1643;32;JAWA BARAT;3271;KOTA BOGOR;Perlengkapan, Peralatan dan Pemeliharaan Rutin Rumah Tangga;6;JUNI;1.67;PERSEN;2025;3
1644;32;JAWA BARAT;3271;KOTA BOGOR;Kesehatan;6;JUNI;1.81;PERSEN;2025;3
1645;32;JAWA BARAT;3271;KOTA BOGOR;Transportasi;6;JUNI;0.32;PERSEN;2025;3
1646;32;JAWA BARAT;3271;KOTA BOGOR;Informasi, Komunikasi dan Jasa Keuangan;6;JUNI;0.38;PERSEN;2025;3
1647;32;JAWA BARAT;3271;KOTA BOGOR;Rekreasi, Olahraga dan Budaya;6;JUNI;1.58;PERSEN;2025;3
1648;32;JAWA BARAT;3271;KOTA BOGOR;Pendidikan;6;JUNI;4.65;PERSEN;2025;3
1649;32;JAWA BARAT;3271;KOTA BOGOR;Penyediaan Makanan dan Minuman/ Restoran;6;JUNI;2.48;PERSEN;2025;3
1650;32;JAWA BARAT;3271;KOTA BOGOR;Perawatan Pribadi da Jasa Lainnya;6;JUNI;12.22;PERSEN;2025;4
1651;32;JAWA BARAT;3271;KOTA BOGOR;Makanan, Minuman dan Tembakau;7;JULI;3.7;PERSEN;2025;3
1652;32;JAWA BARAT;3271;KOTA BOGOR;Pakaian dan Alas Kaki;7;JULI;2.15;PERSEN;2025;3
1653;32;JAWA BARAT;3271;KOTA BOGOR;Perumahan, Air, Listrik dan Bahan Bakar Rumah Tangga;7;JULI;0.75;PERSEN;2025;3
1654;32;JAWA BARAT;3271;KOTA BOGOR;Perlengkapan, Peralatan dan Pemeliharaan Rutin Rumah Tangga;7;JULI;1.66;PERSEN;2025;3
1655;32;JAWA BARAT;3271;KOTA BOGOR;Kesehatan;7;JULI;1.81;PERSEN;2025;3
1656;32;JAWA BARAT;3271;KOTA BOGOR;Transportasi;7;JULI;0.57;PERSEN;2025;3
1657;32;JAWA BARAT;3271;KOTA BOGOR;Informasi, Komunikasi dan Jasa Keuangan;7;JULI;0.44;PERSEN;2025;3
1658;32;JAWA BARAT;3271;KOTA BOGOR;Rekreasi, Olahraga dan Budaya;7;JULI;1.58;PERSEN;2025;3
1659;32;JAWA BARAT;3271;KOTA BOGOR;Pendidikan;7;JULI;2.45;PERSEN;2025;3
1660;32;JAWA BARAT;3271;KOTA BOGOR;Penyediaan Makanan dan Minuman/ Restoran;7;JULI;2.59;PERSEN;2025;3
1661;32;JAWA BARAT;3271;KOTA BOGOR;Perawatan Pribadi da Jasa Lainnya;7;JULI;13.05;PERSEN;2025;4
1662;32;JAWA BARAT;3271;KOTA BOGOR;Makanan, Minuman dan Tembakau;8;AGUSTUS;3.62;PERSEN;2025;3
1663;32;JAWA BARAT;3271;KOTA BOGOR;Pakaian dan Alas Kaki;8;AGUSTUS;1.73;PERSEN;2025;3
1664;32;JAWA BARAT;3271;KOTA BOGOR;Perumahan, Air, Listrik dan Bahan Bakar Rumah Tangga;8;AGUSTUS;0.74;PERSEN;2025;3
1665;32;JAWA BARAT;3271;KOTA BOGOR;Perlengkapan, Peralatan dan Pemeliharaan Rutin Rumah Tangga;8;AGUSTUS;1.36;PERSEN;2025;3
1666;32;JAWA BARAT;3271;KOTA BOGOR;Kesehatan;8;AGUSTUS;1.46;PERSEN;2025;3
1667;32;JAWA BARAT;3271;KOTA BOGOR;Transportasi;8;AGUSTUS;0.36;PERSEN;2025;3
1668;32;JAWA BARAT;3271;KOTA BOGOR;Informasi, Komunikasi dan Jasa Keuangan;8;AGUSTUS;0.36;PERSEN;2025;3
1669;32;JAWA BARAT;3271;KOTA BOGOR;Rekreasi, Olahraga dan Budaya;8;AGUSTUS;1.56;PERSEN;2025;3
1670;32;JAWA BARAT;3271;KOTA BOGOR;Pendidikan;8;AGUSTUS;0.8;PERSEN;2025;3
1671;32;JAWA BARAT;3271;KOTA BOGOR;Penyediaan Makanan dan Minuman/ Restoran;8;AGUSTUS;2.54;PERSEN;2025;3
1672;32;JAWA BARAT;3271;KOTA BOGOR;Perawatan Pribadi da Jasa Lainnya;8;AGUSTUS;13.04;PERSEN;2025;4
1673;32;JAWA BARAT;3272;KOTA SUKABUMI;Makanan, Minuman dan Tembakau;1;JANUARI;5.02;PERSEN;2025;3
1674;32;JAWA BARAT;3272;KOTA SUKABUMI;Pakaian dan Alas Kaki;1;JANUARI;1.29;PERSEN;2025;3
1675;32;JAWA BARAT;3272;KOTA SUKABUMI;Perumahan, Air, Listrik dan Bahan Bakar Rumah Tangga;1;JANUARI;-10.24;PERSEN;2025;3
1676;32;JAWA BARAT;3272;KOTA SUKABUMI;Perlengkapan, Peralatan dan Pemeliharaan Rutin Rumah Tangga;1;JANUARI;0.79;PERSEN;2025;3
1677;32;JAWA BARAT;3272;KOTA SUKABUMI;Kesehatan;1;JANUARI;4.52;PERSEN;2025;3
1678;32;JAWA BARAT;3272;KOTA SUKABUMI;Transportasi;1;JANUARI;0.39;PERSEN;2025;3
1679;32;JAWA BARAT;3272;KOTA SUKABUMI;Informasi, Komunikasi dan Jasa Keuangan;1;JANUARI;-1.47;PERSEN;2025;3
1680;32;JAWA BARAT;3272;KOTA SUKABUMI;Rekreasi, Olahraga dan Budaya;1;JANUARI;7.27;PERSEN;2025;4
1681;32;JAWA BARAT;3272;KOTA SUKABUMI;Pendidikan;1;JANUARI;4.46;PERSEN;2025;3
1682;32;JAWA BARAT;3272;KOTA SUKABUMI;Penyediaan Makanan dan Minuman/ Restoran;1;JANUARI;3.9;PERSEN;2025;3
1683;32;JAWA BARAT;3272;KOTA SUKABUMI;Perawatan Pribadi da Jasa Lainnya;1;JANUARI;7.92;PERSEN;2025;4
1684;32;JAWA BARAT;3272;KOTA SUKABUMI;Makanan, Minuman dan Tembakau;2;FEBRUARI;4.25;PERSEN;2025;3
1685;32;JAWA BARAT;3272;KOTA SUKABUMI;Pakaian dan Alas Kaki;2;FEBRUARI;1.12;PERSEN;2025;3
1686;32;JAWA BARAT;3272;KOTA SUKABUMI;Perumahan, Air, Listrik dan Bahan Bakar Rumah Tangga;2;FEBRUARI;-15.18;PERSEN;2025;3
1687;32;JAWA BARAT;3272;KOTA SUKABUMI;Perlengkapan, Peralatan dan Pemeliharaan Rutin Rumah Tangga;2;FEBRUARI;0.95;PERSEN;2025;3
1688;32;JAWA BARAT;3272;KOTA SUKABUMI;Kesehatan;2;FEBRUARI;4.11;PERSEN;2025;3
1689;32;JAWA BARAT;3272;KOTA SUKABUMI;Transportasi;2;FEBRUARI;0.77;PERSEN;2025;3
1690;32;JAWA BARAT;3272;KOTA SUKABUMI;Informasi, Komunikasi dan Jasa Keuangan;2;FEBRUARI;-1.46;PERSEN;2025;3
1691;32;JAWA BARAT;3272;KOTA SUKABUMI;Rekreasi, Olahraga dan Budaya;2;FEBRUARI;5.55;PERSEN;2025;3
1692;32;JAWA BARAT;3272;KOTA SUKABUMI;Pendidikan;2;FEBRUARI;4.46;PERSEN;2025;3
1693;32;JAWA BARAT;3272;KOTA SUKABUMI;Penyediaan Makanan dan Minuman/ Restoran;2;FEBRUARI;4.58;PERSEN;2025;3
1694;32;JAWA BARAT;3272;KOTA SUKABUMI;Perawatan Pribadi da Jasa Lainnya;2;FEBRUARI;9.71;PERSEN;2025;4
1695;32;JAWA BARAT;3272;KOTA SUKABUMI;Makanan, Minuman dan Tembakau;3;MARET;4.17;PERSEN;2025;3
1696;32;JAWA BARAT;3272;KOTA SUKABUMI;Pakaian dan Alas Kaki;3;MARET;1.07;PERSEN;2025;3
1697;32;JAWA BARAT;3272;KOTA SUKABUMI;Perumahan, Air, Listrik dan Bahan Bakar Rumah Tangga;3;MARET;-7.47;PERSEN;2025;3
1698;32;JAWA BARAT;3272;KOTA SUKABUMI;Perlengkapan, Peralatan dan Pemeliharaan Rutin Rumah Tangga;3;MARET;0.94;PERSEN;2025;3
1699;32;JAWA BARAT;3272;KOTA SUKABUMI;Kesehatan;3;MARET;4.42;PERSEN;2025;3
1700;32;JAWA BARAT;3272;KOTA SUKABUMI;Transportasi;3;MARET;1.03;PERSEN;2025;3
1701;32;JAWA BARAT;3272;KOTA SUKABUMI;Informasi, Komunikasi dan Jasa Keuangan;3;MARET;-1.47;PERSEN;2025;3
1702;32;JAWA BARAT;3272;KOTA SUKABUMI;Rekreasi, Olahraga dan Budaya;3;MARET;4.56;PERSEN;2025;3
1703;32;JAWA BARAT;3272;KOTA SUKABUMI;Pendidikan;3;MARET;4.46;PERSEN;2025;3
1704;32;JAWA BARAT;3272;KOTA SUKABUMI;Penyediaan Makanan dan Minuman/ Restoran;3;MARET;3.62;PERSEN;2025;3
1705;32;JAWA BARAT;3272;KOTA SUKABUMI;Perawatan Pribadi da Jasa Lainnya;3;MARET;10.04;PERSEN;2025;4
1706;32;JAWA BARAT;3272;KOTA SUKABUMI;Makanan, Minuman dan Tembakau;4;APRIL;3.52;PERSEN;2025;3
1707;32;JAWA BARAT;3272;KOTA SUKABUMI;Pakaian dan Alas Kaki;4;APRIL;0.84;PERSEN;2025;3
1708;32;JAWA BARAT;3272;KOTA SUKABUMI;Perumahan, Air, Listrik dan Bahan Bakar Rumah Tangga;4;APRIL;0.66;PERSEN;2025;3
1709;32;JAWA BARAT;3272;KOTA SUKABUMI;Perlengkapan, Peralatan dan Pemeliharaan Rutin Rumah Tangga;4;APRIL;1.05;PERSEN;2025;3
1710;32;JAWA BARAT;3272;KOTA SUKABUMI;Kesehatan;4;APRIL;4.59;PERSEN;2025;3
1711;32;JAWA BARAT;3272;KOTA SUKABUMI;Transportasi;4;APRIL;0.98;PERSEN;2025;3
1712;32;JAWA BARAT;3272;KOTA SUKABUMI;Informasi, Komunikasi dan Jasa Keuangan;4;APRIL;-0.01;PERSEN;2025;3
1713;32;JAWA BARAT;3272;KOTA SUKABUMI;Rekreasi, Olahraga dan Budaya;4;APRIL;4.47;PERSEN;2025;3
1714;32;JAWA BARAT;3272;KOTA SUKABUMI;Pendidikan;4;APRIL;4.46;PERSEN;2025;3
1715;32;JAWA BARAT;3272;KOTA SUKABUMI;Penyediaan Makanan dan Minuman/ Restoran;4;APRIL;3.46;PERSEN;2025;3
1716;32;JAWA BARAT;3272;KOTA SUKABUMI;Perawatan Pribadi da Jasa Lainnya;4;APRIL;9.38;PERSEN;2025;4
1717;32;JAWA BARAT;3272;KOTA SUKABUMI;Makanan, Minuman dan Tembakau;5;MEI;3.6;PERSEN;2025;3
1718;32;JAWA BARAT;3272;KOTA SUKABUMI;Pakaian dan Alas Kaki;5;MEI;0.61;PERSEN;2025;3
1719;32;JAWA BARAT;3272;KOTA SUKABUMI;Perumahan, Air, Listrik dan Bahan Bakar Rumah Tangga;5;MEI;0.66;PERSEN;2025;3
1720;32;JAWA BARAT;3272;KOTA SUKABUMI;Perlengkapan, Peralatan dan Pemeliharaan Rutin Rumah Tangga;5;MEI;1.46;PERSEN;2025;3
1721;32;JAWA BARAT;3272;KOTA SUKABUMI;Kesehatan;5;MEI;3.36;PERSEN;2025;3
1722;32;JAWA BARAT;3272;KOTA SUKABUMI;Transportasi;5;MEI;1.25;PERSEN;2025;3
1723;32;JAWA BARAT;3272;KOTA SUKABUMI;Informasi, Komunikasi dan Jasa Keuangan;5;MEI;-0.42;PERSEN;2025;3
1724;32;JAWA BARAT;3272;KOTA SUKABUMI;Rekreasi, Olahraga dan Budaya;5;MEI;4.52;PERSEN;2025;3
1725;32;JAWA BARAT;3272;KOTA SUKABUMI;Pendidikan;5;MEI;4.46;PERSEN;2025;3
1726;32;JAWA BARAT;3272;KOTA SUKABUMI;Penyediaan Makanan dan Minuman/ Restoran;5;MEI;3.39;PERSEN;2025;3
1727;32;JAWA BARAT;3272;KOTA SUKABUMI;Perawatan Pribadi da Jasa Lainnya;5;MEI;9.4;PERSEN;2025;4
1728;32;JAWA BARAT;3272;KOTA SUKABUMI;Makanan, Minuman dan Tembakau;6;JUNI;5.32;PERSEN;2025;3
1729;32;JAWA BARAT;3272;KOTA SUKABUMI;Pakaian dan Alas Kaki;6;JUNI;0.47;PERSEN;2025;3
1730;32;JAWA BARAT;3272;KOTA SUKABUMI;Perumahan, Air, Listrik dan Bahan Bakar Rumah Tangga;6;JUNI;0.66;PERSEN;2025;3
1731;32;JAWA BARAT;3272;KOTA SUKABUMI;Perlengkapan, Peralatan dan Pemeliharaan Rutin Rumah Tangga;6;JUNI;1.4;PERSEN;2025;3
1732;32;JAWA BARAT;3272;KOTA SUKABUMI;Kesehatan;6;JUNI;3.22;PERSEN;2025;3
1733;32;JAWA BARAT;3272;KOTA SUKABUMI;Transportasi;6;JUNI;1.14;PERSEN;2025;3
1734;32;JAWA BARAT;3272;KOTA SUKABUMI;Informasi, Komunikasi dan Jasa Keuangan;6;JUNI;-0.47;PERSEN;2025;3
1735;32;JAWA BARAT;3272;KOTA SUKABUMI;Rekreasi, Olahraga dan Budaya;6;JUNI;3.97;PERSEN;2025;3
1736;32;JAWA BARAT;3272;KOTA SUKABUMI;Pendidikan;6;JUNI;4.46;PERSEN;2025;3
1737;32;JAWA BARAT;3272;KOTA SUKABUMI;Penyediaan Makanan dan Minuman/ Restoran;6;JUNI;3.83;PERSEN;2025;3
1738;32;JAWA BARAT;3272;KOTA SUKABUMI;Perawatan Pribadi da Jasa Lainnya;6;JUNI;9.99;PERSEN;2025;4
1739;32;JAWA BARAT;3272;KOTA SUKABUMI;Makanan, Minuman dan Tembakau;7;JULI;6.15;PERSEN;2025;3
1740;32;JAWA BARAT;3272;KOTA SUKABUMI;Pakaian dan Alas Kaki;7;JULI;1.27;PERSEN;2025;3
1741;32;JAWA BARAT;3272;KOTA SUKABUMI;Perumahan, Air, Listrik dan Bahan Bakar Rumah Tangga;7;JULI;0.68;PERSEN;2025;3
1742;32;JAWA BARAT;3272;KOTA SUKABUMI;Perlengkapan, Peralatan dan Pemeliharaan Rutin Rumah Tangga;7;JULI;1.49;PERSEN;2025;3
1743;32;JAWA BARAT;3272;KOTA SUKABUMI;Kesehatan;7;JULI;3.14;PERSEN;2025;3
1744;32;JAWA BARAT;3272;KOTA SUKABUMI;Transportasi;7;JULI;1.42;PERSEN;2025;3
1745;32;JAWA BARAT;3272;KOTA SUKABUMI;Informasi, Komunikasi dan Jasa Keuangan;7;JULI;-0.51;PERSEN;2025;3
1746;32;JAWA BARAT;3272;KOTA SUKABUMI;Rekreasi, Olahraga dan Budaya;7;JULI;4.16;PERSEN;2025;3
1747;32;JAWA BARAT;3272;KOTA SUKABUMI;Pendidikan;7;JULI;5.04;PERSEN;2025;3
1748;32;JAWA BARAT;3272;KOTA SUKABUMI;Penyediaan Makanan dan Minuman/ Restoran;7;JULI;3.83;PERSEN;2025;3
1749;32;JAWA BARAT;3272;KOTA SUKABUMI;Perawatan Pribadi da Jasa Lainnya;7;JULI;10.15;PERSEN;2025;4
1750;32;JAWA BARAT;3272;KOTA SUKABUMI;Makanan, Minuman dan Tembakau;8;AGUSTUS;6.02;PERSEN;2025;3
1751;32;JAWA BARAT;3272;KOTA SUKABUMI;Pakaian dan Alas Kaki;8;AGUSTUS;1.22;PERSEN;2025;3
1752;32;JAWA BARAT;3272;KOTA SUKABUMI;Perumahan, Air, Listrik dan Bahan Bakar Rumah Tangga;8;AGUSTUS;0.67;PERSEN;2025;3
1753;32;JAWA BARAT;3272;KOTA SUKABUMI;Perlengkapan, Peralatan dan Pemeliharaan Rutin Rumah Tangga;8;AGUSTUS;1.21;PERSEN;2025;3
1754;32;JAWA BARAT;3272;KOTA SUKABUMI;Kesehatan;8;AGUSTUS;3.2;PERSEN;2025;3
1755;32;JAWA BARAT;3272;KOTA SUKABUMI;Transportasi;8;AGUSTUS;1.27;PERSEN;2025;3
1756;32;JAWA BARAT;3272;KOTA SUKABUMI;Informasi, Komunikasi dan Jasa Keuangan;8;AGUSTUS;-0.68;PERSEN;2025;3
1757;32;JAWA BARAT;3272;KOTA SUKABUMI;Rekreasi, Olahraga dan Budaya;8;AGUSTUS;4.03;PERSEN;2025;3
1758;32;JAWA BARAT;3272;KOTA SUKABUMI;Pendidikan;8;AGUSTUS;5.5;PERSEN;2025;3
1759;32;JAWA BARAT;3272;KOTA SUKABUMI;Penyediaan Makanan dan Minuman/ Restoran;8;AGUSTUS;3.83;PERSEN;2025;3
1760;32;JAWA BARAT;3272;KOTA SUKABUMI;Perawatan Pribadi da Jasa Lainnya;8;AGUSTUS;9.67;PERSEN;2025;4
1761;32;JAWA BARAT;3273;KOTA BANDUNG;Makanan, Minuman dan Tembakau;1;JANUARI;4.42;PERSEN;2025;3
1762;32;JAWA BARAT;3273;KOTA BANDUNG;Pakaian dan Alas Kaki;1;JANUARI;1.54;PERSEN;2025;3
1763;32;JAWA BARAT;3273;KOTA BANDUNG;Perumahan, Air, Listrik dan Bahan Bakar Rumah Tangga;1;JANUARI;-6.3;PERSEN;2025;3
1764;32;JAWA BARAT;3273;KOTA BANDUNG;Perlengkapan, Peralatan dan Pemeliharaan Rutin Rumah Tangga;1;JANUARI;-0.58;PERSEN;2025;3
1765;32;JAWA BARAT;3273;KOTA BANDUNG;Kesehatan;1;JANUARI;1.63;PERSEN;2025;3
1766;32;JAWA BARAT;3273;KOTA BANDUNG;Transportasi;1;JANUARI;-0.17;PERSEN;2025;3
1767;32;JAWA BARAT;3273;KOTA BANDUNG;Informasi, Komunikasi dan Jasa Keuangan;1;JANUARI;-0.07;PERSEN;2025;3
1768;32;JAWA BARAT;3273;KOTA BANDUNG;Rekreasi, Olahraga dan Budaya;1;JANUARI;0.42;PERSEN;2025;3
1769;32;JAWA BARAT;3273;KOTA BANDUNG;Pendidikan;1;JANUARI;0.93;PERSEN;2025;3
1770;32;JAWA BARAT;3273;KOTA BANDUNG;Penyediaan Makanan dan Minuman/ Restoran;1;JANUARI;2.42;PERSEN;2025;3
1771;32;JAWA BARAT;3273;KOTA BANDUNG;Perawatan Pribadi da Jasa Lainnya;1;JANUARI;8.89;PERSEN;2025;4
1772;32;JAWA BARAT;3273;KOTA BANDUNG;Makanan, Minuman dan Tembakau;2;FEBRUARI;2.93;PERSEN;2025;3
1773;32;JAWA BARAT;3273;KOTA BANDUNG;Pakaian dan Alas Kaki;2;FEBRUARI;1.21;PERSEN;2025;3
1774;32;JAWA BARAT;3273;KOTA BANDUNG;Perumahan, Air, Listrik dan Bahan Bakar Rumah Tangga;2;FEBRUARI;-9.5;PERSEN;2025;3
1775;32;JAWA BARAT;3273;KOTA BANDUNG;Perlengkapan, Peralatan dan Pemeliharaan Rutin Rumah Tangga;2;FEBRUARI;-0.23;PERSEN;2025;3
1776;32;JAWA BARAT;3273;KOTA BANDUNG;Kesehatan;2;FEBRUARI;1.69;PERSEN;2025;3
1777;32;JAWA BARAT;3273;KOTA BANDUNG;Transportasi;2;FEBRUARI;0.29;PERSEN;2025;3
1778;32;JAWA BARAT;3273;KOTA BANDUNG;Informasi, Komunikasi dan Jasa Keuangan;2;FEBRUARI;-0.06;PERSEN;2025;3
1779;32;JAWA BARAT;3273;KOTA BANDUNG;Rekreasi, Olahraga dan Budaya;2;FEBRUARI;1.01;PERSEN;2025;3
1780;32;JAWA BARAT;3273;KOTA BANDUNG;Pendidikan;2;FEBRUARI;0.93;PERSEN;2025;3
1781;32;JAWA BARAT;3273;KOTA BANDUNG;Penyediaan Makanan dan Minuman/ Restoran;2;FEBRUARI;1.66;PERSEN;2025;3
1782;32;JAWA BARAT;3273;KOTA BANDUNG;Perawatan Pribadi da Jasa Lainnya;2;FEBRUARI;10.57;PERSEN;2025;4
1783;32;JAWA BARAT;3273;KOTA BANDUNG;Makanan, Minuman dan Tembakau;3;MARET;2.58;PERSEN;2025;3
1784;32;JAWA BARAT;3273;KOTA BANDUNG;Pakaian dan Alas Kaki;3;MARET;0.87;PERSEN;2025;3
1785;32;JAWA BARAT;3273;KOTA BANDUNG;Perumahan, Air, Listrik dan Bahan Bakar Rumah Tangga;3;MARET;-3.98;PERSEN;2025;3
1786;32;JAWA BARAT;3273;KOTA BANDUNG;Perlengkapan, Peralatan dan Pemeliharaan Rutin Rumah Tangga;3;MARET;-1.1;PERSEN;2025;3
1787;32;JAWA BARAT;3273;KOTA BANDUNG;Kesehatan;3;MARET;1.48;PERSEN;2025;3
1788;32;JAWA BARAT;3273;KOTA BANDUNG;Transportasi;3;MARET;0.79;PERSEN;2025;3
1789;32;JAWA BARAT;3273;KOTA BANDUNG;Informasi, Komunikasi dan Jasa Keuangan;3;MARET;-0.09;PERSEN;2025;3
1790;32;JAWA BARAT;3273;KOTA BANDUNG;Rekreasi, Olahraga dan Budaya;3;MARET;0.75;PERSEN;2025;3
1791;32;JAWA BARAT;3273;KOTA BANDUNG;Pendidikan;3;MARET;0.92;PERSEN;2025;3
1792;32;JAWA BARAT;3273;KOTA BANDUNG;Penyediaan Makanan dan Minuman/ Restoran;3;MARET;1.02;PERSEN;2025;3
1793;32;JAWA BARAT;3273;KOTA BANDUNG;Perawatan Pribadi da Jasa Lainnya;3;MARET;9.96;PERSEN;2025;4
1794;32;JAWA BARAT;3273;KOTA BANDUNG;Makanan, Minuman dan Tembakau;4;APRIL;1.58;PERSEN;2025;3
1795;32;JAWA BARAT;3273;KOTA BANDUNG;Pakaian dan Alas Kaki;4;APRIL;0.43;PERSEN;2025;3
1796;32;JAWA BARAT;3273;KOTA BANDUNG;Perumahan, Air, Listrik dan Bahan Bakar Rumah Tangga;4;APRIL;1.41;PERSEN;2025;3
1797;32;JAWA BARAT;3273;KOTA BANDUNG;Perlengkapan, Peralatan dan Pemeliharaan Rutin Rumah Tangga;4;APRIL;-1.72;PERSEN;2025;3
1798;32;JAWA BARAT;3273;KOTA BANDUNG;Kesehatan;4;APRIL;2.33;PERSEN;2025;3
1799;32;JAWA BARAT;3273;KOTA BANDUNG;Transportasi;4;APRIL;-0.01;PERSEN;2025;3
1800;32;JAWA BARAT;3273;KOTA BANDUNG;Informasi, Komunikasi dan Jasa Keuangan;4;APRIL;-0.47;PERSEN;2025;3
1801;32;JAWA BARAT;3273;KOTA BANDUNG;Rekreasi, Olahraga dan Budaya;4;APRIL;1.02;PERSEN;2025;3
1802;32;JAWA BARAT;3273;KOTA BANDUNG;Pendidikan;4;APRIL;0.92;PERSEN;2025;3
1803;32;JAWA BARAT;3273;KOTA BANDUNG;Penyediaan Makanan dan Minuman/ Restoran;4;APRIL;0.97;PERSEN;2025;3
1804;32;JAWA BARAT;3273;KOTA BANDUNG;Perawatan Pribadi da Jasa Lainnya;4;APRIL;10.16;PERSEN;2025;4
1805;32;JAWA BARAT;3273;KOTA BANDUNG;Makanan, Minuman dan Tembakau;5;MEI;0.69;PERSEN;2025;3
1806;32;JAWA BARAT;3273;KOTA BANDUNG;Pakaian dan Alas Kaki;5;MEI;0.28;PERSEN;2025;3
1807;32;JAWA BARAT;3273;KOTA BANDUNG;Perumahan, Air, Listrik dan Bahan Bakar Rumah Tangga;5;MEI;1.23;PERSEN;2025;3
1808;32;JAWA BARAT;3273;KOTA BANDUNG;Perlengkapan, Peralatan dan Pemeliharaan Rutin Rumah Tangga;5;MEI;-2.0;PERSEN;2025;3
1809;32;JAWA BARAT;3273;KOTA BANDUNG;Kesehatan;5;MEI;2.38;PERSEN;2025;3
1810;32;JAWA BARAT;3273;KOTA BANDUNG;Transportasi;5;MEI;-0.29;PERSEN;2025;3
1811;32;JAWA BARAT;3273;KOTA BANDUNG;Informasi, Komunikasi dan Jasa Keuangan;5;MEI;0.02;PERSEN;2025;3
1812;32;JAWA BARAT;3273;KOTA BANDUNG;Rekreasi, Olahraga dan Budaya;5;MEI;1.07;PERSEN;2025;3
1813;32;JAWA BARAT;3273;KOTA BANDUNG;Pendidikan;5;MEI;0.92;PERSEN;2025;3
1814;32;JAWA BARAT;3273;KOTA BANDUNG;Penyediaan Makanan dan Minuman/ Restoran;5;MEI;0.9;PERSEN;2025;3
1815;32;JAWA BARAT;3273;KOTA BANDUNG;Perawatan Pribadi da Jasa Lainnya;5;MEI;10.98;PERSEN;2025;4
1816;32;JAWA BARAT;3273;KOTA BANDUNG;Makanan, Minuman dan Tembakau;6;JUNI;1.51;PERSEN;2025;3
1817;32;JAWA BARAT;3273;KOTA BANDUNG;Pakaian dan Alas Kaki;6;JUNI;0.38;PERSEN;2025;3
1818;32;JAWA BARAT;3273;KOTA BANDUNG;Perumahan, Air, Listrik dan Bahan Bakar Rumah Tangga;6;JUNI;1.68;PERSEN;2025;3
1819;32;JAWA BARAT;3273;KOTA BANDUNG;Perlengkapan, Peralatan dan Pemeliharaan Rutin Rumah Tangga;6;JUNI;-2.44;PERSEN;2025;3
1820;32;JAWA BARAT;3273;KOTA BANDUNG;Kesehatan;6;JUNI;2.68;PERSEN;2025;3
1821;32;JAWA BARAT;3273;KOTA BANDUNG;Transportasi;6;JUNI;-0.63;PERSEN;2025;3
1822;32;JAWA BARAT;3273;KOTA BANDUNG;Informasi, Komunikasi dan Jasa Keuangan;6;JUNI;0.01;PERSEN;2025;3
1823;32;JAWA BARAT;3273;KOTA BANDUNG;Rekreasi, Olahraga dan Budaya;6;JUNI;0.79;PERSEN;2025;3
1824;32;JAWA BARAT;3273;KOTA BANDUNG;Pendidikan;6;JUNI;0.92;PERSEN;2025;3
1825;32;JAWA BARAT;3273;KOTA BANDUNG;Penyediaan Makanan dan Minuman/ Restoran;6;JUNI;0.81;PERSEN;2025;3
1826;32;JAWA BARAT;3273;KOTA BANDUNG;Perawatan Pribadi da Jasa Lainnya;6;JUNI;10.85;PERSEN;2025;4
1827;32;JAWA BARAT;3273;KOTA BANDUNG;Makanan, Minuman dan Tembakau;7;JULI;2.21;PERSEN;2025;3
1828;32;JAWA BARAT;3273;KOTA BANDUNG;Pakaian dan Alas Kaki;7;JULI;0.62;PERSEN;2025;3
1829;32;JAWA BARAT;3273;KOTA BANDUNG;Perumahan, Air, Listrik dan Bahan Bakar Rumah Tangga;7;JULI;2.71;PERSEN;2025;3
1830;32;JAWA BARAT;3273;KOTA BANDUNG;Perlengkapan, Peralatan dan Pemeliharaan Rutin Rumah Tangga;7;JULI;-2.56;PERSEN;2025;3
1831;32;JAWA BARAT;3273;KOTA BANDUNG;Kesehatan;7;JULI;3.14;PERSEN;2025;3
1832;32;JAWA BARAT;3273;KOTA BANDUNG;Transportasi;7;JULI;-0.17;PERSEN;2025;3
1833;32;JAWA BARAT;3273;KOTA BANDUNG;Informasi, Komunikasi dan Jasa Keuangan;7;JULI;0.22;PERSEN;2025;3
1834;32;JAWA BARAT;3273;KOTA BANDUNG;Rekreasi, Olahraga dan Budaya;7;JULI;1.06;PERSEN;2025;3
1835;32;JAWA BARAT;3273;KOTA BANDUNG;Pendidikan;7;JULI;1.08;PERSEN;2025;3
1836;32;JAWA BARAT;3273;KOTA BANDUNG;Penyediaan Makanan dan Minuman/ Restoran;7;JULI;0.82;PERSEN;2025;3
1837;32;JAWA BARAT;3273;KOTA BANDUNG;Perawatan Pribadi da Jasa Lainnya;7;JULI;9.73;PERSEN;2025;4
1838;32;JAWA BARAT;3273;KOTA BANDUNG;Makanan, Minuman dan Tembakau;8;AGUSTUS;1.81;PERSEN;2025;3
1839;32;JAWA BARAT;3273;KOTA BANDUNG;Pakaian dan Alas Kaki;8;AGUSTUS;0.65;PERSEN;2025;3
1840;32;JAWA BARAT;3273;KOTA BANDUNG;Perumahan, Air, Listrik dan Bahan Bakar Rumah Tangga;8;AGUSTUS;2.75;PERSEN;2025;3
1841;32;JAWA BARAT;3273;KOTA BANDUNG;Perlengkapan, Peralatan dan Pemeliharaan Rutin Rumah Tangga;8;AGUSTUS;-3.28;PERSEN;2025;3
1842;32;JAWA BARAT;3273;KOTA BANDUNG;Kesehatan;8;AGUSTUS;3.68;PERSEN;2025;3
1843;32;JAWA BARAT;3273;KOTA BANDUNG;Transportasi;8;AGUSTUS;-0.95;PERSEN;2025;3
1844;32;JAWA BARAT;3273;KOTA BANDUNG;Informasi, Komunikasi dan Jasa Keuangan;8;AGUSTUS;0.12;PERSEN;2025;3
1845;32;JAWA BARAT;3273;KOTA BANDUNG;Rekreasi, Olahraga dan Budaya;8;AGUSTUS;1.13;PERSEN;2025;3
1846;32;JAWA BARAT;3273;KOTA BANDUNG;Pendidikan;8;AGUSTUS;0.77;PERSEN;2025;3
1847;32;JAWA BARAT;3273;KOTA BANDUNG;Penyediaan Makanan dan Minuman/ Restoran;8;AGUSTUS;0.8;PERSEN;2025;3
1848;32;JAWA BARAT;3273;KOTA BANDUNG;Perawatan Pribadi da Jasa Lainnya;8;AGUSTUS;8.72;PERSEN;2025;4
1849;32;JAWA BARAT;3274;KOTA CIREBON;Makanan, Minuman dan Tembakau;1;JANUARI;2.63;PERSEN;2025;3
1850;32;JAWA BARAT;3274;KOTA CIREBON;Pakaian dan Alas Kaki;1;JANUARI;2.77;PERSEN;2025;3
1851;32;JAWA BARAT;3274;KOTA CIREBON;Perumahan, Air, Listrik dan Bahan Bakar Rumah Tangga;1;JANUARI;-7.41;PERSEN;2025;3
1852;32;JAWA BARAT;3274;KOTA CIREBON;Perlengkapan, Peralatan dan Pemeliharaan Rutin Rumah Tangga;1;JANUARI;1.62;PERSEN;2025;3
1853;32;JAWA BARAT;3274;KOTA CIREBON;Kesehatan;1;JANUARI;0.48;PERSEN;2025;3
1854;32;JAWA BARAT;3274;KOTA CIREBON;Transportasi;1;JANUARI;0.53;PERSEN;2025;3
1855;32;JAWA BARAT;3274;KOTA CIREBON;Informasi, Komunikasi dan Jasa Keuangan;1;JANUARI;-0.04;PERSEN;2025;3
1856;32;JAWA BARAT;3274;KOTA CIREBON;Rekreasi, Olahraga dan Budaya;1;JANUARI;1.6;PERSEN;2025;3
1857;32;JAWA BARAT;3274;KOTA CIREBON;Pendidikan;1;JANUARI;1.8;PERSEN;2025;3
1858;32;JAWA BARAT;3274;KOTA CIREBON;Penyediaan Makanan dan Minuman/ Restoran;1;JANUARI;2.27;PERSEN;2025;3
1859;32;JAWA BARAT;3274;KOTA CIREBON;Perawatan Pribadi da Jasa Lainnya;1;JANUARI;1.78;PERSEN;2025;3
1860;32;JAWA BARAT;3274;KOTA CIREBON;Makanan, Minuman dan Tembakau;2;FEBRUARI;0.69;PERSEN;2025;3
1861;32;JAWA BARAT;3274;KOTA CIREBON;Pakaian dan Alas Kaki;2;FEBRUARI;2.86;PERSEN;2025;3
1862;32;JAWA BARAT;3274;KOTA CIREBON;Perumahan, Air, Listrik dan Bahan Bakar Rumah Tangga;2;FEBRUARI;-12.02;PERSEN;2025;3
1863;32;JAWA BARAT;3274;KOTA CIREBON;Perlengkapan, Peralatan dan Pemeliharaan Rutin Rumah Tangga;2;FEBRUARI;1.93;PERSEN;2025;3
1864;32;JAWA BARAT;3274;KOTA CIREBON;Kesehatan;2;FEBRUARI;1.34;PERSEN;2025;3
1865;32;JAWA BARAT;3274;KOTA CIREBON;Transportasi;2;FEBRUARI;1.08;PERSEN;2025;3
1866;32;JAWA BARAT;3274;KOTA CIREBON;Informasi, Komunikasi dan Jasa Keuangan;2;FEBRUARI;-0.03;PERSEN;2025;3
1867;32;JAWA BARAT;3274;KOTA CIREBON;Rekreasi, Olahraga dan Budaya;2;FEBRUARI;1.69;PERSEN;2025;3
1868;32;JAWA BARAT;3274;KOTA CIREBON;Pendidikan;2;FEBRUARI;1.8;PERSEN;2025;3
1869;32;JAWA BARAT;3274;KOTA CIREBON;Penyediaan Makanan dan Minuman/ Restoran;2;FEBRUARI;2.26;PERSEN;2025;3
1870;32;JAWA BARAT;3274;KOTA CIREBON;Perawatan Pribadi da Jasa Lainnya;2;FEBRUARI;2.3;PERSEN;2025;3
1871;32;JAWA BARAT;3274;KOTA CIREBON;Makanan, Minuman dan Tembakau;3;MARET;1.06;PERSEN;2025;3
1872;32;JAWA BARAT;3274;KOTA CIREBON;Pakaian dan Alas Kaki;3;MARET;3.14;PERSEN;2025;3
1873;32;JAWA BARAT;3274;KOTA CIREBON;Perumahan, Air, Listrik dan Bahan Bakar Rumah Tangga;3;MARET;-6.43;PERSEN;2025;3
1874;32;JAWA BARAT;3274;KOTA CIREBON;Perlengkapan, Peralatan dan Pemeliharaan Rutin Rumah Tangga;3;MARET;2.1;PERSEN;2025;3
1875;32;JAWA BARAT;3274;KOTA CIREBON;Kesehatan;3;MARET;1.81;PERSEN;2025;3
1876;32;JAWA BARAT;3274;KOTA CIREBON;Transportasi;3;MARET;1.29;PERSEN;2025;3
1877;32;JAWA BARAT;3274;KOTA CIREBON;Informasi, Komunikasi dan Jasa Keuangan;3;MARET;-0.03;PERSEN;2025;3
1878;32;JAWA BARAT;3274;KOTA CIREBON;Rekreasi, Olahraga dan Budaya;3;MARET;1.85;PERSEN;2025;3
1879;32;JAWA BARAT;3274;KOTA CIREBON;Pendidikan;3;MARET;2.27;PERSEN;2025;3
1880;32;JAWA BARAT;3274;KOTA CIREBON;Penyediaan Makanan dan Minuman/ Restoran;3;MARET;2.64;PERSEN;2025;3
1881;32;JAWA BARAT;3274;KOTA CIREBON;Perawatan Pribadi da Jasa Lainnya;3;MARET;2.82;PERSEN;2025;3
1882;32;JAWA BARAT;3274;KOTA CIREBON;Makanan, Minuman dan Tembakau;4;APRIL;-0.72;PERSEN;2025;3
1883;32;JAWA BARAT;3274;KOTA CIREBON;Pakaian dan Alas Kaki;4;APRIL;2.51;PERSEN;2025;3
1884;32;JAWA BARAT;3274;KOTA CIREBON;Perumahan, Air, Listrik dan Bahan Bakar Rumah Tangga;4;APRIL;0.22;PERSEN;2025;3
1885;32;JAWA BARAT;3274;KOTA CIREBON;Perlengkapan, Peralatan dan Pemeliharaan Rutin Rumah Tangga;4;APRIL;2.02;PERSEN;2025;3
1886;32;JAWA BARAT;3274;KOTA CIREBON;Kesehatan;4;APRIL;2.22;PERSEN;2025;3
1887;32;JAWA BARAT;3274;KOTA CIREBON;Transportasi;4;APRIL;0.24;PERSEN;2025;3
1888;32;JAWA BARAT;3274;KOTA CIREBON;Informasi, Komunikasi dan Jasa Keuangan;4;APRIL;-0.36;PERSEN;2025;3
1889;32;JAWA BARAT;3274;KOTA CIREBON;Rekreasi, Olahraga dan Budaya;4;APRIL;1.85;PERSEN;2025;3
1890;32;JAWA BARAT;3274;KOTA CIREBON;Pendidikan;4;APRIL;2.27;PERSEN;2025;3
1891;32;JAWA BARAT;3274;KOTA CIREBON;Penyediaan Makanan dan Minuman/ Restoran;4;APRIL;3.14;PERSEN;2025;3
1892;32;JAWA BARAT;3274;KOTA CIREBON;Perawatan Pribadi da Jasa Lainnya;4;APRIL;3.35;PERSEN;2025;3
1893;32;JAWA BARAT;3274;KOTA CIREBON;Makanan, Minuman dan Tembakau;5;MEI;-0.28;PERSEN;2025;3
1894;32;JAWA BARAT;3274;KOTA CIREBON;Pakaian dan Alas Kaki;5;MEI;2.73;PERSEN;2025;3
1895;32;JAWA BARAT;3274;KOTA CIREBON;Perumahan, Air, Listrik dan Bahan Bakar Rumah Tangga;5;MEI;0.22;PERSEN;2025;3
1896;32;JAWA BARAT;3274;KOTA CIREBON;Perlengkapan, Peralatan dan Pemeliharaan Rutin Rumah Tangga;5;MEI;1.98;PERSEN;2025;3
1897;32;JAWA BARAT;3274;KOTA CIREBON;Kesehatan;5;MEI;2.77;PERSEN;2025;3
1898;32;JAWA BARAT;3274;KOTA CIREBON;Transportasi;5;MEI;0.5;PERSEN;2025;3
1899;32;JAWA BARAT;3274;KOTA CIREBON;Informasi, Komunikasi dan Jasa Keuangan;5;MEI;-0.05;PERSEN;2025;3
1900;32;JAWA BARAT;3274;KOTA CIREBON;Rekreasi, Olahraga dan Budaya;5;MEI;0.56;PERSEN;2025;3
1901;32;JAWA BARAT;3274;KOTA CIREBON;Pendidikan;5;MEI;2.27;PERSEN;2025;3
1902;32;JAWA BARAT;3274;KOTA CIREBON;Penyediaan Makanan dan Minuman/ Restoran;5;MEI;3.12;PERSEN;2025;3
1903;32;JAWA BARAT;3274;KOTA CIREBON;Perawatan Pribadi da Jasa Lainnya;5;MEI;3.71;PERSEN;2025;3
1904;32;JAWA BARAT;3274;KOTA CIREBON;Makanan, Minuman dan Tembakau;6;JUNI;1.99;PERSEN;2025;3
1905;32;JAWA BARAT;3274;KOTA CIREBON;Pakaian dan Alas Kaki;6;JUNI;2.73;PERSEN;2025;3
1906;32;JAWA BARAT;3274;KOTA CIREBON;Perumahan, Air, Listrik dan Bahan Bakar Rumah Tangga;6;JUNI;0.2;PERSEN;2025;3
1907;32;JAWA BARAT;3274;KOTA CIREBON;Perlengkapan, Peralatan dan Pemeliharaan Rutin Rumah Tangga;6;JUNI;1.91;PERSEN;2025;3
1908;32;JAWA BARAT;3274;KOTA CIREBON;Kesehatan;6;JUNI;4.15;PERSEN;2025;3
1909;32;JAWA BARAT;3274;KOTA CIREBON;Transportasi;6;JUNI;0.54;PERSEN;2025;3
1910;32;JAWA BARAT;3274;KOTA CIREBON;Informasi, Komunikasi dan Jasa Keuangan;6;JUNI;-0.05;PERSEN;2025;3
1911;32;JAWA BARAT;3274;KOTA CIREBON;Rekreasi, Olahraga dan Budaya;6;JUNI;-1.51;PERSEN;2025;3
1912;32;JAWA BARAT;3274;KOTA CIREBON;Pendidikan;6;JUNI;2.27;PERSEN;2025;3
1913;32;JAWA BARAT;3274;KOTA CIREBON;Penyediaan Makanan dan Minuman/ Restoran;6;JUNI;3.61;PERSEN;2025;3
1914;32;JAWA BARAT;3274;KOTA CIREBON;Perawatan Pribadi da Jasa Lainnya;6;JUNI;3.63;PERSEN;2025;3
1915;32;JAWA BARAT;3274;KOTA CIREBON;Makanan, Minuman dan Tembakau;7;JULI;4.03;PERSEN;2025;3
1916;32;JAWA BARAT;3274;KOTA CIREBON;Pakaian dan Alas Kaki;7;JULI;2.94;PERSEN;2025;3
1917;32;JAWA BARAT;3274;KOTA CIREBON;Perumahan, Air, Listrik dan Bahan Bakar Rumah Tangga;7;JULI;0.29;PERSEN;2025;3
1918;32;JAWA BARAT;3274;KOTA CIREBON;Perlengkapan, Peralatan dan Pemeliharaan Rutin Rumah Tangga;7;JULI;1.96;PERSEN;2025;3
1919;32;JAWA BARAT;3274;KOTA CIREBON;Kesehatan;7;JULI;4.4;PERSEN;2025;3
1920;32;JAWA BARAT;3274;KOTA CIREBON;Transportasi;7;JULI;0.78;PERSEN;2025;3
1921;32;JAWA BARAT;3274;KOTA CIREBON;Informasi, Komunikasi dan Jasa Keuangan;7;JULI;0.0;PERSEN;2025;3
1922;32;JAWA BARAT;3274;KOTA CIREBON;Rekreasi, Olahraga dan Budaya;7;JULI;-1.84;PERSEN;2025;3
1923;32;JAWA BARAT;3274;KOTA CIREBON;Pendidikan;7;JULI;3.47;PERSEN;2025;3
1924;32;JAWA BARAT;3274;KOTA CIREBON;Penyediaan Makanan dan Minuman/ Restoran;7;JULI;3.47;PERSEN;2025;3
1925;32;JAWA BARAT;3274;KOTA CIREBON;Perawatan Pribadi da Jasa Lainnya;7;JULI;3.52;PERSEN;2025;3
1926;32;JAWA BARAT;3274;KOTA CIREBON;Makanan, Minuman dan Tembakau;8;AGUSTUS;3.47;PERSEN;2025;3
1927;32;JAWA BARAT;3274;KOTA CIREBON;Pakaian dan Alas Kaki;8;AGUSTUS;2.17;PERSEN;2025;3
1928;32;JAWA BARAT;3274;KOTA CIREBON;Perumahan, Air, Listrik dan Bahan Bakar Rumah Tangga;8;AGUSTUS;0.29;PERSEN;2025;3
1929;32;JAWA BARAT;3274;KOTA CIREBON;Perlengkapan, Peralatan dan Pemeliharaan Rutin Rumah Tangga;8;AGUSTUS;1.9;PERSEN;2025;3
1930;32;JAWA BARAT;3274;KOTA CIREBON;Kesehatan;8;AGUSTUS;4.35;PERSEN;2025;3
1931;32;JAWA BARAT;3274;KOTA CIREBON;Transportasi;8;AGUSTUS;0.37;PERSEN;2025;3
1932;32;JAWA BARAT;3274;KOTA CIREBON;Informasi, Komunikasi dan Jasa Keuangan;8;AGUSTUS;-0.03;PERSEN;2025;3
1933;32;JAWA BARAT;3274;KOTA CIREBON;Rekreasi, Olahraga dan Budaya;8;AGUSTUS;-2.02;PERSEN;2025;3
1934;32;JAWA BARAT;3274;KOTA CIREBON;Pendidikan;8;AGUSTUS;2.8;PERSEN;2025;3
1935;32;JAWA BARAT;3274;KOTA CIREBON;Penyediaan Makanan dan Minuman/ Restoran;8;AGUSTUS;3.19;PERSEN;2025;3
1936;32;JAWA BARAT;3274;KOTA CIREBON;Perawatan Pribadi da Jasa Lainnya;8;AGUSTUS;3.22;PERSEN;2025;3
1937;32;JAWA BARAT;3275;KOTA BEKASI;Makanan, Minuman dan Tembakau;1;JANUARI;3.68;PERSEN;2025;3
1938;32;JAWA BARAT;3275;KOTA BEKASI;Pakaian dan Alas Kaki;1;JANUARI;0.99;PERSEN;2025;3
1939;32;JAWA BARAT;3275;KOTA BEKASI;Perumahan, Air, Listrik dan Bahan Bakar Rumah Tangga;1;JANUARI;-6.97;PERSEN;2025;3
1940;32;JAWA BARAT;3275;KOTA BEKASI;Perlengkapan, Peralatan dan Pemeliharaan Rutin Rumah Tangga;1;JANUARI;0.49;PERSEN;2025;3
1941;32;JAWA BARAT;3275;KOTA BEKASI;Kesehatan;1;JANUARI;2.12;PERSEN;2025;3
1942;32;JAWA BARAT;3275;KOTA BEKASI;Transportasi;1;JANUARI;0.93;PERSEN;2025;3
1943;32;JAWA BARAT;3275;KOTA BEKASI;Informasi, Komunikasi dan Jasa Keuangan;1;JANUARI;-0.03;PERSEN;2025;3
1944;32;JAWA BARAT;3275;KOTA BEKASI;Rekreasi, Olahraga dan Budaya;1;JANUARI;0.2;PERSEN;2025;3
1945;32;JAWA BARAT;3275;KOTA BEKASI;Pendidikan;1;JANUARI;3.09;PERSEN;2025;3
1946;32;JAWA BARAT;3275;KOTA BEKASI;Penyediaan Makanan dan Minuman/ Restoran;1;JANUARI;2.1;PERSEN;2025;3
1947;32;JAWA BARAT;3275;KOTA BEKASI;Perawatan Pribadi da Jasa Lainnya;1;JANUARI;14.15;PERSEN;2025;4
1948;32;JAWA BARAT;3275;KOTA BEKASI;Makanan, Minuman dan Tembakau;2;FEBRUARI;1.58;PERSEN;2025;3
1949;32;JAWA BARAT;3275;KOTA BEKASI;Pakaian dan Alas Kaki;2;FEBRUARI;0.82;PERSEN;2025;3
1950;32;JAWA BARAT;3275;KOTA BEKASI;Perumahan, Air, Listrik dan Bahan Bakar Rumah Tangga;2;FEBRUARI;-9.55;PERSEN;2025;3
1951;32;JAWA BARAT;3275;KOTA BEKASI;Perlengkapan, Peralatan dan Pemeliharaan Rutin Rumah Tangga;2;FEBRUARI;0.65;PERSEN;2025;3
1952;32;JAWA BARAT;3275;KOTA BEKASI;Kesehatan;2;FEBRUARI;2.97;PERSEN;2025;3
1953;32;JAWA BARAT;3275;KOTA BEKASI;Transportasi;2;FEBRUARI;0.66;PERSEN;2025;3
1954;32;JAWA BARAT;3275;KOTA BEKASI;Informasi, Komunikasi dan Jasa Keuangan;2;FEBRUARI;-0.04;PERSEN;2025;3
1955;32;JAWA BARAT;3275;KOTA BEKASI;Rekreasi, Olahraga dan Budaya;2;FEBRUARI;0.3;PERSEN;2025;3
1956;32;JAWA BARAT;3275;KOTA BEKASI;Pendidikan;2;FEBRUARI;3.09;PERSEN;2025;3
1957;32;JAWA BARAT;3275;KOTA BEKASI;Penyediaan Makanan dan Minuman/ Restoran;2;FEBRUARI;2.14;PERSEN;2025;3
1958;32;JAWA BARAT;3275;KOTA BEKASI;Perawatan Pribadi da Jasa Lainnya;2;FEBRUARI;15.09;PERSEN;2025;4
1959;32;JAWA BARAT;3275;KOTA BEKASI;Makanan, Minuman dan Tembakau;3;MARET;0.74;PERSEN;2025;3
1960;32;JAWA BARAT;3275;KOTA BEKASI;Pakaian dan Alas Kaki;3;MARET;0.64;PERSEN;2025;3
1961;32;JAWA BARAT;3275;KOTA BEKASI;Perumahan, Air, Listrik dan Bahan Bakar Rumah Tangga;3;MARET;-3.96;PERSEN;2025;3
1962;32;JAWA BARAT;3275;KOTA BEKASI;Perlengkapan, Peralatan dan Pemeliharaan Rutin Rumah Tangga;3;MARET;0.49;PERSEN;2025;3
1963;32;JAWA BARAT;3275;KOTA BEKASI;Kesehatan;3;MARET;3.03;PERSEN;2025;3
1964;32;JAWA BARAT;3275;KOTA BEKASI;Transportasi;3;MARET;0.83;PERSEN;2025;3
1965;32;JAWA BARAT;3275;KOTA BEKASI;Informasi, Komunikasi dan Jasa Keuangan;3;MARET;-0.04;PERSEN;2025;3
1966;32;JAWA BARAT;3275;KOTA BEKASI;Rekreasi, Olahraga dan Budaya;3;MARET;0.25;PERSEN;2025;3
1967;32;JAWA BARAT;3275;KOTA BEKASI;Pendidikan;3;MARET;3.09;PERSEN;2025;3
1968;32;JAWA BARAT;3275;KOTA BEKASI;Penyediaan Makanan dan Minuman/ Restoran;3;MARET;2.11;PERSEN;2025;3
1969;32;JAWA BARAT;3275;KOTA BEKASI;Perawatan Pribadi da Jasa Lainnya;3;MARET;14.62;PERSEN;2025;4
1970;32;JAWA BARAT;3275;KOTA BEKASI;Makanan, Minuman dan Tembakau;4;APRIL;1.4;PERSEN;2025;3
1971;32;JAWA BARAT;3275;KOTA BEKASI;Pakaian dan Alas Kaki;4;APRIL;0.54;PERSEN;2025;3
1972;32;JAWA BARAT;3275;KOTA BEKASI;Perumahan, Air, Listrik dan Bahan Bakar Rumah Tangga;4;APRIL;0.32;PERSEN;2025;3
1973;32;JAWA BARAT;3275;KOTA BEKASI;Perlengkapan, Peralatan dan Pemeliharaan Rutin Rumah Tangga;4;APRIL;0.61;PERSEN;2025;3
1974;32;JAWA BARAT;3275;KOTA BEKASI;Kesehatan;4;APRIL;2.72;PERSEN;2025;3
1975;32;JAWA BARAT;3275;KOTA BEKASI;Transportasi;4;APRIL;-0.41;PERSEN;2025;3
1976;32;JAWA BARAT;3275;KOTA BEKASI;Informasi, Komunikasi dan Jasa Keuangan;4;APRIL;-0.27;PERSEN;2025;3
1977;32;JAWA BARAT;3275;KOTA BEKASI;Rekreasi, Olahraga dan Budaya;4;APRIL;0.25;PERSEN;2025;3
1978;32;JAWA BARAT;3275;KOTA BEKASI;Pendidikan;4;APRIL;3.09;PERSEN;2025;3
1979;32;JAWA BARAT;3275;KOTA BEKASI;Penyediaan Makanan dan Minuman/ Restoran;4;APRIL;1.84;PERSEN;2025;3
1980;32;JAWA BARAT;3275;KOTA BEKASI;Perawatan Pribadi da Jasa Lainnya;4;APRIL;16.52;PERSEN;2025;4
1981;32;JAWA BARAT;3275;KOTA BEKASI;Makanan, Minuman dan Tembakau;5;MEI;-0.03;PERSEN;2025;3
1982;32;JAWA BARAT;3275;KOTA BEKASI;Pakaian dan Alas Kaki;5;MEI;0.45;PERSEN;2025;3
1983;32;JAWA BARAT;3275;KOTA BEKASI;Perumahan, Air, Listrik dan Bahan Bakar Rumah Tangga;5;MEI;0.31;PERSEN;2025;3
1984;32;JAWA BARAT;3275;KOTA BEKASI;Perlengkapan, Peralatan dan Pemeliharaan Rutin Rumah Tangga;5;MEI;0.68;PERSEN;2025;3
1985;32;JAWA BARAT;3275;KOTA BEKASI;Kesehatan;5;MEI;2.69;PERSEN;2025;3
1986;32;JAWA BARAT;3275;KOTA BEKASI;Transportasi;5;MEI;0.32;PERSEN;2025;3
1987;32;JAWA BARAT;3275;KOTA BEKASI;Informasi, Komunikasi dan Jasa Keuangan;5;MEI;-0.03;PERSEN;2025;3
1988;32;JAWA BARAT;3275;KOTA BEKASI;Rekreasi, Olahraga dan Budaya;5;MEI;0.24;PERSEN;2025;3
1989;32;JAWA BARAT;3275;KOTA BEKASI;Pendidikan;5;MEI;3.09;PERSEN;2025;3
1990;32;JAWA BARAT;3275;KOTA BEKASI;Penyediaan Makanan dan Minuman/ Restoran;5;MEI;1.73;PERSEN;2025;3
1991;32;JAWA BARAT;3275;KOTA BEKASI;Perawatan Pribadi da Jasa Lainnya;5;MEI;14.26;PERSEN;2025;4
1992;32;JAWA BARAT;3275;KOTA BEKASI;Makanan, Minuman dan Tembakau;6;JUNI;1.06;PERSEN;2025;3
1993;32;JAWA BARAT;3275;KOTA BEKASI;Pakaian dan Alas Kaki;6;JUNI;0.49;PERSEN;2025;3
1994;32;JAWA BARAT;3275;KOTA BEKASI;Perumahan, Air, Listrik dan Bahan Bakar Rumah Tangga;6;JUNI;0.31;PERSEN;2025;3
1995;32;JAWA BARAT;3275;KOTA BEKASI;Perlengkapan, Peralatan dan Pemeliharaan Rutin Rumah Tangga;6;JUNI;0.9;PERSEN;2025;3
1996;32;JAWA BARAT;3275;KOTA BEKASI;Kesehatan;6;JUNI;2.4;PERSEN;2025;3
1997;32;JAWA BARAT;3275;KOTA BEKASI;Transportasi;6;JUNI;0.03;PERSEN;2025;3
1998;32;JAWA BARAT;3275;KOTA BEKASI;Informasi, Komunikasi dan Jasa Keuangan;6;JUNI;-0.1;PERSEN;2025;3
1999;32;JAWA BARAT;3275;KOTA BEKASI;Rekreasi, Olahraga dan Budaya;6;JUNI;0.24;PERSEN;2025;3
2000;32;JAWA BARAT;3275;KOTA BEKASI;Pendidikan;6;JUNI;3.09;PERSEN;2025;3
2001;32;JAWA BARAT;3275;KOTA BEKASI;Penyediaan Makanan dan Minuman/ Restoran;6;JUNI;1.67;PERSEN;2025;3
2002;32;JAWA BARAT;3275;KOTA BEKASI;Perawatan Pribadi da Jasa Lainnya;6;JUNI;14.84;PERSEN;2025;4
2003;32;JAWA BARAT;3275;KOTA BEKASI;Makanan, Minuman dan Tembakau;7;JULI;1.7;PERSEN;2025;3
2004;32;JAWA BARAT;3275;KOTA BEKASI;Pakaian dan Alas Kaki;7;JULI;0.67;PERSEN;2025;3
2005;32;JAWA BARAT;3275;KOTA BEKASI;Perumahan, Air, Listrik dan Bahan Bakar Rumah Tangga;7;JULI;0.31;PERSEN;2025;3
2006;32;JAWA BARAT;3275;KOTA BEKASI;Perlengkapan, Peralatan dan Pemeliharaan Rutin Rumah Tangga;7;JULI;0.83;PERSEN;2025;3
2007;32;JAWA BARAT;3275;KOTA BEKASI;Kesehatan;7;JULI;2.45;PERSEN;2025;3
2008;32;JAWA BARAT;3275;KOTA BEKASI;Transportasi;7;JULI;0.16;PERSEN;2025;3
2009;32;JAWA BARAT;3275;KOTA BEKASI;Informasi, Komunikasi dan Jasa Keuangan;7;JULI;-0.1;PERSEN;2025;3
2010;32;JAWA BARAT;3275;KOTA BEKASI;Rekreasi, Olahraga dan Budaya;7;JULI;0.21;PERSEN;2025;3
2011;32;JAWA BARAT;3275;KOTA BEKASI;Pendidikan;7;JULI;1.58;PERSEN;2025;3
2012;32;JAWA BARAT;3275;KOTA BEKASI;Penyediaan Makanan dan Minuman/ Restoran;7;JULI;1.68;PERSEN;2025;3
2013;32;JAWA BARAT;3275;KOTA BEKASI;Perawatan Pribadi da Jasa Lainnya;7;JULI;14.39;PERSEN;2025;4
2014;32;JAWA BARAT;3275;KOTA BEKASI;Makanan, Minuman dan Tembakau;8;AGUSTUS;1.2;PERSEN;2025;3
2015;32;JAWA BARAT;3275;KOTA BEKASI;Pakaian dan Alas Kaki;8;AGUSTUS;0.67;PERSEN;2025;3
2016;32;JAWA BARAT;3275;KOTA BEKASI;Perumahan, Air, Listrik dan Bahan Bakar Rumah Tangga;8;AGUSTUS;0.43;PERSEN;2025;3
2017;32;JAWA BARAT;3275;KOTA BEKASI;Perlengkapan, Peralatan dan Pemeliharaan Rutin Rumah Tangga;8;AGUSTUS;0.8;PERSEN;2025;3
2018;32;JAWA BARAT;3275;KOTA BEKASI;Kesehatan;8;AGUSTUS;1.98;PERSEN;2025;3
2019;32;JAWA BARAT;3275;KOTA BEKASI;Transportasi;8;AGUSTUS;0.0;PERSEN;2025;3
2020;32;JAWA BARAT;3275;KOTA BEKASI;Informasi, Komunikasi dan Jasa Keuangan;8;AGUSTUS;-0.13;PERSEN;2025;3
2021;32;JAWA BARAT;3275;KOTA BEKASI;Rekreasi, Olahraga dan Budaya;8;AGUSTUS;0.2;PERSEN;2025;3
2022;32;JAWA BARAT;3275;KOTA BEKASI;Pendidikan;8;AGUSTUS;0.63;PERSEN;2025;3
2023;32;JAWA BARAT;3275;KOTA BEKASI;Penyediaan Makanan dan Minuman/ Restoran;8;AGUSTUS;1.8;PERSEN;2025;3
2024;32;JAWA BARAT;3275;KOTA BEKASI;Perawatan Pribadi da Jasa Lainnya;8;AGUSTUS;14.61;PERSEN;2025;4
2025;32;JAWA BARAT;3276;KOTA DEPOK;Makanan, Minuman dan Tembakau;1;JANUARI;3.2;PERSEN;2025;3
2026;32;JAWA BARAT;3276;KOTA DEPOK;Pakaian dan Alas Kaki;1;JANUARI;-0.02;PERSEN;2025;3
2027;32;JAWA BARAT;3276;KOTA DEPOK;Perumahan, Air, Listrik dan Bahan Bakar Rumah Tangga;1;JANUARI;-6.24;PERSEN;2025;3
2028;32;JAWA BARAT;3276;KOTA DEPOK;Perlengkapan, Peralatan dan Pemeliharaan Rutin Rumah Tangga;1;JANUARI;1.65;PERSEN;2025;3
2029;32;JAWA BARAT;3276;KOTA DEPOK;Kesehatan;1;JANUARI;2.63;PERSEN;2025;3
2030;32;JAWA BARAT;3276;KOTA DEPOK;Transportasi;1;JANUARI;1.7;PERSEN;2025;3
2031;32;JAWA BARAT;3276;KOTA DEPOK;Informasi, Komunikasi dan Jasa Keuangan;1;JANUARI;-1.57;PERSEN;2025;3
2032;32;JAWA BARAT;3276;KOTA DEPOK;Rekreasi, Olahraga dan Budaya;1;JANUARI;0.47;PERSEN;2025;3
2033;32;JAWA BARAT;3276;KOTA DEPOK;Pendidikan;1;JANUARI;2.49;PERSEN;2025;3
2034;32;JAWA BARAT;3276;KOTA DEPOK;Penyediaan Makanan dan Minuman/ Restoran;1;JANUARI;3.34;PERSEN;2025;3
2035;32;JAWA BARAT;3276;KOTA DEPOK;Perawatan Pribadi da Jasa Lainnya;1;JANUARI;9.76;PERSEN;2025;4
2036;32;JAWA BARAT;3276;KOTA DEPOK;Makanan, Minuman dan Tembakau;2;FEBRUARI;0.92;PERSEN;2025;3
2037;32;JAWA BARAT;3276;KOTA DEPOK;Pakaian dan Alas Kaki;2;FEBRUARI;0.03;PERSEN;2025;3
2038;32;JAWA BARAT;3276;KOTA DEPOK;Perumahan, Air, Listrik dan Bahan Bakar Rumah Tangga;2;FEBRUARI;-10.07;PERSEN;2025;3
2039;32;JAWA BARAT;3276;KOTA DEPOK;Perlengkapan, Peralatan dan Pemeliharaan Rutin Rumah Tangga;2;FEBRUARI;1.18;PERSEN;2025;3
2040;32;JAWA BARAT;3276;KOTA DEPOK;Kesehatan;2;FEBRUARI;2.34;PERSEN;2025;3
2041;32;JAWA BARAT;3276;KOTA DEPOK;Transportasi;2;FEBRUARI;1.82;PERSEN;2025;3
2042;32;JAWA BARAT;3276;KOTA DEPOK;Informasi, Komunikasi dan Jasa Keuangan;2;FEBRUARI;-1.13;PERSEN;2025;3
2043;32;JAWA BARAT;3276;KOTA DEPOK;Rekreasi, Olahraga dan Budaya;2;FEBRUARI;0.27;PERSEN;2025;3
2044;32;JAWA BARAT;3276;KOTA DEPOK;Pendidikan;2;FEBRUARI;2.49;PERSEN;2025;3
2045;32;JAWA BARAT;3276;KOTA DEPOK;Penyediaan Makanan dan Minuman/ Restoran;2;FEBRUARI;3.03;PERSEN;2025;3
2046;32;JAWA BARAT;3276;KOTA DEPOK;Perawatan Pribadi da Jasa Lainnya;2;FEBRUARI;11.73;PERSEN;2025;4
2047;32;JAWA BARAT;3276;KOTA DEPOK;Makanan, Minuman dan Tembakau;3;MARET;1.35;PERSEN;2025;3
2048;32;JAWA BARAT;3276;KOTA DEPOK;Pakaian dan Alas Kaki;3;MARET;3.99;PERSEN;2025;3
2049;32;JAWA BARAT;3276;KOTA DEPOK;Perumahan, Air, Listrik dan Bahan Bakar Rumah Tangga;3;MARET;-4.9;PERSEN;2025;3
2050;32;JAWA BARAT;3276;KOTA DEPOK;Perlengkapan, Peralatan dan Pemeliharaan Rutin Rumah Tangga;3;MARET;1.19;PERSEN;2025;3
2051;32;JAWA BARAT;3276;KOTA DEPOK;Kesehatan;3;MARET;0.79;PERSEN;2025;3
2052;32;JAWA BARAT;3276;KOTA DEPOK;Transportasi;3;MARET;2.24;PERSEN;2025;3
2053;32;JAWA BARAT;3276;KOTA DEPOK;Informasi, Komunikasi dan Jasa Keuangan;3;MARET;-1.13;PERSEN;2025;3
2054;32;JAWA BARAT;3276;KOTA DEPOK;Rekreasi, Olahraga dan Budaya;3;MARET;-0.75;PERSEN;2025;3
2055;32;JAWA BARAT;3276;KOTA DEPOK;Pendidikan;3;MARET;2.49;PERSEN;2025;3
2056;32;JAWA BARAT;3276;KOTA DEPOK;Penyediaan Makanan dan Minuman/ Restoran;3;MARET;2.83;PERSEN;2025;3
2057;32;JAWA BARAT;3276;KOTA DEPOK;Perawatan Pribadi da Jasa Lainnya;3;MARET;11.73;PERSEN;2025;4
2058;32;JAWA BARAT;3276;KOTA DEPOK;Makanan, Minuman dan Tembakau;4;APRIL;1.88;PERSEN;2025;3
2059;32;JAWA BARAT;3276;KOTA DEPOK;Pakaian dan Alas Kaki;4;APRIL;0.08;PERSEN;2025;3
2060;32;JAWA BARAT;3276;KOTA DEPOK;Perumahan, Air, Listrik dan Bahan Bakar Rumah Tangga;4;APRIL;0.93;PERSEN;2025;3
2061;32;JAWA BARAT;3276;KOTA DEPOK;Perlengkapan, Peralatan dan Pemeliharaan Rutin Rumah Tangga;4;APRIL;-0.65;PERSEN;2025;3
2062;32;JAWA BARAT;3276;KOTA DEPOK;Kesehatan;4;APRIL;0.78;PERSEN;2025;3
2063;32;JAWA BARAT;3276;KOTA DEPOK;Transportasi;4;APRIL;0.55;PERSEN;2025;3
2064;32;JAWA BARAT;3276;KOTA DEPOK;Informasi, Komunikasi dan Jasa Keuangan;4;APRIL;-1.4;PERSEN;2025;3
2065;32;JAWA BARAT;3276;KOTA DEPOK;Rekreasi, Olahraga dan Budaya;4;APRIL;-0.72;PERSEN;2025;3
2066;32;JAWA BARAT;3276;KOTA DEPOK;Pendidikan;4;APRIL;2.49;PERSEN;2025;3
2067;32;JAWA BARAT;3276;KOTA DEPOK;Penyediaan Makanan dan Minuman/ Restoran;4;APRIL;3.26;PERSEN;2025;3
2068;32;JAWA BARAT;3276;KOTA DEPOK;Perawatan Pribadi da Jasa Lainnya;4;APRIL;13.85;PERSEN;2025;4
2069;32;JAWA BARAT;3276;KOTA DEPOK;Makanan, Minuman dan Tembakau;5;MEI;1.47;PERSEN;2025;3
2070;32;JAWA BARAT;3276;KOTA DEPOK;Pakaian dan Alas Kaki;5;MEI;0.1;PERSEN;2025;3
2071;32;JAWA BARAT;3276;KOTA DEPOK;Perumahan, Air, Listrik dan Bahan Bakar Rumah Tangga;5;MEI;0.2;PERSEN;2025;3
2072;32;JAWA BARAT;3276;KOTA DEPOK;Perlengkapan, Peralatan dan Pemeliharaan Rutin Rumah Tangga;5;MEI;-0.67;PERSEN;2025;3
2073;32;JAWA BARAT;3276;KOTA DEPOK;Kesehatan;5;MEI;1.01;PERSEN;2025;3
2074;32;JAWA BARAT;3276;KOTA DEPOK;Transportasi;5;MEI;0.48;PERSEN;2025;3
2075;32;JAWA BARAT;3276;KOTA DEPOK;Informasi, Komunikasi dan Jasa Keuangan;5;MEI;-0.64;PERSEN;2025;3
2076;32;JAWA BARAT;3276;KOTA DEPOK;Rekreasi, Olahraga dan Budaya;5;MEI;-0.25;PERSEN;2025;3
2077;32;JAWA BARAT;3276;KOTA DEPOK;Pendidikan;5;MEI;2.49;PERSEN;2025;3
2078;32;JAWA BARAT;3276;KOTA DEPOK;Penyediaan Makanan dan Minuman/ Restoran;5;MEI;3.13;PERSEN;2025;3
2079;32;JAWA BARAT;3276;KOTA DEPOK;Perawatan Pribadi da Jasa Lainnya;5;MEI;13.3;PERSEN;2025;4
2080;32;JAWA BARAT;3276;KOTA DEPOK;Makanan, Minuman dan Tembakau;6;JUNI;2.86;PERSEN;2025;3
2081;32;JAWA BARAT;3276;KOTA DEPOK;Pakaian dan Alas Kaki;6;JUNI;0.29;PERSEN;2025;3
2082;32;JAWA BARAT;3276;KOTA DEPOK;Perumahan, Air, Listrik dan Bahan Bakar Rumah Tangga;6;JUNI;0.21;PERSEN;2025;3
2083;32;JAWA BARAT;3276;KOTA DEPOK;Perlengkapan, Peralatan dan Pemeliharaan Rutin Rumah Tangga;6;JUNI;-0.2;PERSEN;2025;3
2084;32;JAWA BARAT;3276;KOTA DEPOK;Kesehatan;6;JUNI;0.65;PERSEN;2025;3
2085;32;JAWA BARAT;3276;KOTA DEPOK;Transportasi;6;JUNI;0.23;PERSEN;2025;3
2086;32;JAWA BARAT;3276;KOTA DEPOK;Informasi, Komunikasi dan Jasa Keuangan;6;JUNI;-0.7;PERSEN;2025;3
2087;32;JAWA BARAT;3276;KOTA DEPOK;Rekreasi, Olahraga dan Budaya;6;JUNI;-0.22;PERSEN;2025;3
2088;32;JAWA BARAT;3276;KOTA DEPOK;Pendidikan;6;JUNI;2.49;PERSEN;2025;3
2089;32;JAWA BARAT;3276;KOTA DEPOK;Penyediaan Makanan dan Minuman/ Restoran;6;JUNI;3.18;PERSEN;2025;3
2090;32;JAWA BARAT;3276;KOTA DEPOK;Perawatan Pribadi da Jasa Lainnya;6;JUNI;13.28;PERSEN;2025;4
2091;32;JAWA BARAT;3276;KOTA DEPOK;Makanan, Minuman dan Tembakau;7;JULI;4.03;PERSEN;2025;3
2092;32;JAWA BARAT;3276;KOTA DEPOK;Pakaian dan Alas Kaki;7;JULI;0.36;PERSEN;2025;3
2093;32;JAWA BARAT;3276;KOTA DEPOK;Perumahan, Air, Listrik dan Bahan Bakar Rumah Tangga;7;JULI;0.21;PERSEN;2025;3
2094;32;JAWA BARAT;3276;KOTA DEPOK;Perlengkapan, Peralatan dan Pemeliharaan Rutin Rumah Tangga;7;JULI;1.35;PERSEN;2025;3
2095;32;JAWA BARAT;3276;KOTA DEPOK;Kesehatan;7;JULI;0.78;PERSEN;2025;3
2096;32;JAWA BARAT;3276;KOTA DEPOK;Transportasi;7;JULI;0.5;PERSEN;2025;3
2097;32;JAWA BARAT;3276;KOTA DEPOK;Informasi, Komunikasi dan Jasa Keuangan;7;JULI;-0.69;PERSEN;2025;3
2098;32;JAWA BARAT;3276;KOTA DEPOK;Rekreasi, Olahraga dan Budaya;7;JULI;-0.43;PERSEN;2025;3
2099;32;JAWA BARAT;3276;KOTA DEPOK;Pendidikan;7;JULI;3.9;PERSEN;2025;3
2100;32;JAWA BARAT;3276;KOTA DEPOK;Penyediaan Makanan dan Minuman/ Restoran;7;JULI;3.24;PERSEN;2025;3
2101;32;JAWA BARAT;3276;KOTA DEPOK;Perawatan Pribadi da Jasa Lainnya;7;JULI;12.06;PERSEN;2025;4
2102;32;JAWA BARAT;3276;KOTA DEPOK;Makanan, Minuman dan Tembakau;8;AGUSTUS;2.68;PERSEN;2025;3
2103;32;JAWA BARAT;3276;KOTA DEPOK;Pakaian dan Alas Kaki;8;AGUSTUS;0.52;PERSEN;2025;3
2104;32;JAWA BARAT;3276;KOTA DEPOK;Perumahan, Air, Listrik dan Bahan Bakar Rumah Tangga;8;AGUSTUS;0.33;PERSEN;2025;3
2105;32;JAWA BARAT;3276;KOTA DEPOK;Perlengkapan, Peralatan dan Pemeliharaan Rutin Rumah Tangga;8;AGUSTUS;1.24;PERSEN;2025;3
2106;32;JAWA BARAT;3276;KOTA DEPOK;Kesehatan;8;AGUSTUS;0.2;PERSEN;2025;3
2107;32;JAWA BARAT;3276;KOTA DEPOK;Transportasi;8;AGUSTUS;0.12;PERSEN;2025;3
2108;32;JAWA BARAT;3276;KOTA DEPOK;Informasi, Komunikasi dan Jasa Keuangan;8;AGUSTUS;-0.63;PERSEN;2025;3
2109;32;JAWA BARAT;3276;KOTA DEPOK;Rekreasi, Olahraga dan Budaya;8;AGUSTUS;-0.66;PERSEN;2025;3
2110;32;JAWA BARAT;3276;KOTA DEPOK;Pendidikan;8;AGUSTUS;3.15;PERSEN;2025;3
2111;32;JAWA BARAT;3276;KOTA DEPOK;Penyediaan Makanan dan Minuman/ Restoran;8;AGUSTUS;2.78;PERSEN;2025;3
2112;32;JAWA BARAT;3276;KOTA DEPOK;Perawatan Pribadi da Jasa Lainnya;8;AGUSTUS;10.38;PERSEN;2025;4
2113;32;JAWA BARAT;3278;KOTA TASIKMALAYA;Makanan, Minuman dan Tembakau;1;JANUARI;3.97;PERSEN;2025;3
2114;32;JAWA BARAT;3278;KOTA TASIKMALAYA;Pakaian dan Alas Kaki;1;JANUARI;0.88;PERSEN;2025;3
2115;32;JAWA BARAT;3278;KOTA TASIKMALAYA;Perumahan, Air, Listrik dan Bahan Bakar Rumah Tangga;1;JANUARI;-8.79;PERSEN;2025;3
2116;32;JAWA BARAT;3278;KOTA TASIKMALAYA;Perlengkapan, Peralatan dan Pemeliharaan Rutin Rumah Tangga;1;JANUARI;0.52;PERSEN;2025;3
2117;32;JAWA BARAT;3278;KOTA TASIKMALAYA;Kesehatan;1;JANUARI;1.3;PERSEN;2025;3
2118;32;JAWA BARAT;3278;KOTA TASIKMALAYA;Transportasi;1;JANUARI;1.1;PERSEN;2025;3
2119;32;JAWA BARAT;3278;KOTA TASIKMALAYA;Informasi, Komunikasi dan Jasa Keuangan;1;JANUARI;0.02;PERSEN;2025;3
2120;32;JAWA BARAT;3278;KOTA TASIKMALAYA;Rekreasi, Olahraga dan Budaya;1;JANUARI;2.03;PERSEN;2025;3
2121;32;JAWA BARAT;3278;KOTA TASIKMALAYA;Pendidikan;1;JANUARI;3.59;PERSEN;2025;3
2122;32;JAWA BARAT;3278;KOTA TASIKMALAYA;Penyediaan Makanan dan Minuman/ Restoran;1;JANUARI;0.47;PERSEN;2025;3
2123;32;JAWA BARAT;3278;KOTA TASIKMALAYA;Perawatan Pribadi da Jasa Lainnya;1;JANUARI;8.15;PERSEN;2025;4
2124;32;JAWA BARAT;3278;KOTA TASIKMALAYA;Makanan, Minuman dan Tembakau;2;FEBRUARI;1.47;PERSEN;2025;3
2125;32;JAWA BARAT;3278;KOTA TASIKMALAYA;Pakaian dan Alas Kaki;2;FEBRUARI;0.95;PERSEN;2025;3
2126;32;JAWA BARAT;3278;KOTA TASIKMALAYA;Perumahan, Air, Listrik dan Bahan Bakar Rumah Tangga;2;FEBRUARI;-12.73;PERSEN;2025;3
2127;32;JAWA BARAT;3278;KOTA TASIKMALAYA;Perlengkapan, Peralatan dan Pemeliharaan Rutin Rumah Tangga;2;FEBRUARI;0.56;PERSEN;2025;3
2128;32;JAWA BARAT;3278;KOTA TASIKMALAYA;Kesehatan;2;FEBRUARI;1.37;PERSEN;2025;3
2129;32;JAWA BARAT;3278;KOTA TASIKMALAYA;Transportasi;2;FEBRUARI;1.53;PERSEN;2025;3
2130;32;JAWA BARAT;3278;KOTA TASIKMALAYA;Informasi, Komunikasi dan Jasa Keuangan;2;FEBRUARI;0.04;PERSEN;2025;3
2131;32;JAWA BARAT;3278;KOTA TASIKMALAYA;Rekreasi, Olahraga dan Budaya;2;FEBRUARI;2.16;PERSEN;2025;3
2132;32;JAWA BARAT;3278;KOTA TASIKMALAYA;Pendidikan;2;FEBRUARI;3.59;PERSEN;2025;3
2133;32;JAWA BARAT;3278;KOTA TASIKMALAYA;Penyediaan Makanan dan Minuman/ Restoran;2;FEBRUARI;0.47;PERSEN;2025;3
2134;32;JAWA BARAT;3278;KOTA TASIKMALAYA;Perawatan Pribadi da Jasa Lainnya;2;FEBRUARI;11.15;PERSEN;2025;4
2135;32;JAWA BARAT;3278;KOTA TASIKMALAYA;Makanan, Minuman dan Tembakau;3;MARET;0.77;PERSEN;2025;3
2136;32;JAWA BARAT;3278;KOTA TASIKMALAYA;Pakaian dan Alas Kaki;3;MARET;0.4;PERSEN;2025;3
2137;32;JAWA BARAT;3278;KOTA TASIKMALAYA;Perumahan, Air, Listrik dan Bahan Bakar Rumah Tangga;3;MARET;-6.18;PERSEN;2025;3
2138;32;JAWA BARAT;3278;KOTA TASIKMALAYA;Perlengkapan, Peralatan dan Pemeliharaan Rutin Rumah Tangga;3;MARET;0.37;PERSEN;2025;3
2139;32;JAWA BARAT;3278;KOTA TASIKMALAYA;Kesehatan;3;MARET;1.24;PERSEN;2025;3
2140;32;JAWA BARAT;3278;KOTA TASIKMALAYA;Transportasi;3;MARET;1.47;PERSEN;2025;3
2141;32;JAWA BARAT;3278;KOTA TASIKMALAYA;Informasi, Komunikasi dan Jasa Keuangan;3;MARET;0.04;PERSEN;2025;3
2142;32;JAWA BARAT;3278;KOTA TASIKMALAYA;Rekreasi, Olahraga dan Budaya;3;MARET;2.15;PERSEN;2025;3
2143;32;JAWA BARAT;3278;KOTA TASIKMALAYA;Pendidikan;3;MARET;3.59;PERSEN;2025;3
2144;32;JAWA BARAT;3278;KOTA TASIKMALAYA;Penyediaan Makanan dan Minuman/ Restoran;3;MARET;0.47;PERSEN;2025;3
2145;32;JAWA BARAT;3278;KOTA TASIKMALAYA;Perawatan Pribadi da Jasa Lainnya;3;MARET;12.55;PERSEN;2025;4
2146;32;JAWA BARAT;3278;KOTA TASIKMALAYA;Makanan, Minuman dan Tembakau;4;APRIL;0.29;PERSEN;2025;3
2147;32;JAWA BARAT;3278;KOTA TASIKMALAYA;Pakaian dan Alas Kaki;4;APRIL;0.37;PERSEN;2025;3
2148;32;JAWA BARAT;3278;KOTA TASIKMALAYA;Perumahan, Air, Listrik dan Bahan Bakar Rumah Tangga;4;APRIL;0.05;PERSEN;2025;3
2149;32;JAWA BARAT;3278;KOTA TASIKMALAYA;Perlengkapan, Peralatan dan Pemeliharaan Rutin Rumah Tangga;4;APRIL;0.4;PERSEN;2025;3
2150;32;JAWA BARAT;3278;KOTA TASIKMALAYA;Kesehatan;4;APRIL;1.19;PERSEN;2025;3
2151;32;JAWA BARAT;3278;KOTA TASIKMALAYA;Transportasi;4;APRIL;0.88;PERSEN;2025;3
2152;32;JAWA BARAT;3278;KOTA TASIKMALAYA;Informasi, Komunikasi dan Jasa Keuangan;4;APRIL;-0.29;PERSEN;2025;3
2153;32;JAWA BARAT;3278;KOTA TASIKMALAYA;Rekreasi, Olahraga dan Budaya;4;APRIL;2.59;PERSEN;2025;3
2154;32;JAWA BARAT;3278;KOTA TASIKMALAYA;Pendidikan;4;APRIL;3.59;PERSEN;2025;3
2155;32;JAWA BARAT;3278;KOTA TASIKMALAYA;Penyediaan Makanan dan Minuman/ Restoran;4;APRIL;0.49;PERSEN;2025;3
2156;32;JAWA BARAT;3278;KOTA TASIKMALAYA;Perawatan Pribadi da Jasa Lainnya;4;APRIL;14.7;PERSEN;2025;4
2157;32;JAWA BARAT;3278;KOTA TASIKMALAYA;Makanan, Minuman dan Tembakau;5;MEI;0.71;PERSEN;2025;3
2158;32;JAWA BARAT;3278;KOTA TASIKMALAYA;Pakaian dan Alas Kaki;5;MEI;0.4;PERSEN;2025;3
2159;32;JAWA BARAT;3278;KOTA TASIKMALAYA;Perumahan, Air, Listrik dan Bahan Bakar Rumah Tangga;5;MEI;-0.02;PERSEN;2025;3
2160;32;JAWA BARAT;3278;KOTA TASIKMALAYA;Perlengkapan, Peralatan dan Pemeliharaan Rutin Rumah Tangga;5;MEI;0.33;PERSEN;2025;3
2161;32;JAWA BARAT;3278;KOTA TASIKMALAYA;Kesehatan;5;MEI;1.21;PERSEN;2025;3
2162;32;JAWA BARAT;3278;KOTA TASIKMALAYA;Transportasi;5;MEI;1.03;PERSEN;2025;3
2163;32;JAWA BARAT;3278;KOTA TASIKMALAYA;Informasi, Komunikasi dan Jasa Keuangan;5;MEI;0.04;PERSEN;2025;3
2164;32;JAWA BARAT;3278;KOTA TASIKMALAYA;Rekreasi, Olahraga dan Budaya;5;MEI;2.48;PERSEN;2025;3
2165;32;JAWA BARAT;3278;KOTA TASIKMALAYA;Pendidikan;5;MEI;3.59;PERSEN;2025;3
2166;32;JAWA BARAT;3278;KOTA TASIKMALAYA;Penyediaan Makanan dan Minuman/ Restoran;5;MEI;0.39;PERSEN;2025;3
2167;32;JAWA BARAT;3278;KOTA TASIKMALAYA;Perawatan Pribadi da Jasa Lainnya;5;MEI;16.01;PERSEN;2025;4
2168;32;JAWA BARAT;3278;KOTA TASIKMALAYA;Makanan, Minuman dan Tembakau;6;JUNI;1.56;PERSEN;2025;3
2169;32;JAWA BARAT;3278;KOTA TASIKMALAYA;Pakaian dan Alas Kaki;6;JUNI;0.52;PERSEN;2025;3
2170;32;JAWA BARAT;3278;KOTA TASIKMALAYA;Perumahan, Air, Listrik dan Bahan Bakar Rumah Tangga;6;JUNI;-0.04;PERSEN;2025;3
2171;32;JAWA BARAT;3278;KOTA TASIKMALAYA;Perlengkapan, Peralatan dan Pemeliharaan Rutin Rumah Tangga;6;JUNI;-0.26;PERSEN;2025;3
2172;32;JAWA BARAT;3278;KOTA TASIKMALAYA;Kesehatan;6;JUNI;1.24;PERSEN;2025;3
2173;32;JAWA BARAT;3278;KOTA TASIKMALAYA;Transportasi;6;JUNI;0.81;PERSEN;2025;3
2174;32;JAWA BARAT;3278;KOTA TASIKMALAYA;Informasi, Komunikasi dan Jasa Keuangan;6;JUNI;-0.08;PERSEN;2025;3
2175;32;JAWA BARAT;3278;KOTA TASIKMALAYA;Rekreasi, Olahraga dan Budaya;6;JUNI;2.8;PERSEN;2025;3
2176;32;JAWA BARAT;3278;KOTA TASIKMALAYA;Pendidikan;6;JUNI;3.59;PERSEN;2025;3
2177;32;JAWA BARAT;3278;KOTA TASIKMALAYA;Penyediaan Makanan dan Minuman/ Restoran;6;JUNI;0.4;PERSEN;2025;3
2178;32;JAWA BARAT;3278;KOTA TASIKMALAYA;Perawatan Pribadi da Jasa Lainnya;6;JUNI;14.86;PERSEN;2025;4
2179;32;JAWA BARAT;3278;KOTA TASIKMALAYA;Makanan, Minuman dan Tembakau;7;JULI;2.17;PERSEN;2025;3
2180;32;JAWA BARAT;3278;KOTA TASIKMALAYA;Pakaian dan Alas Kaki;7;JULI;0.62;PERSEN;2025;3
2181;32;JAWA BARAT;3278;KOTA TASIKMALAYA;Perumahan, Air, Listrik dan Bahan Bakar Rumah Tangga;7;JULI;-0.05;PERSEN;2025;3
2182;32;JAWA BARAT;3278;KOTA TASIKMALAYA;Perlengkapan, Peralatan dan Pemeliharaan Rutin Rumah Tangga;7;JULI;-0.11;PERSEN;2025;3
2183;32;JAWA BARAT;3278;KOTA TASIKMALAYA;Kesehatan;7;JULI;1.25;PERSEN;2025;3
2184;32;JAWA BARAT;3278;KOTA TASIKMALAYA;Transportasi;7;JULI;0.8;PERSEN;2025;3
2185;32;JAWA BARAT;3278;KOTA TASIKMALAYA;Informasi, Komunikasi dan Jasa Keuangan;7;JULI;-0.13;PERSEN;2025;3
2186;32;JAWA BARAT;3278;KOTA TASIKMALAYA;Rekreasi, Olahraga dan Budaya;7;JULI;2.56;PERSEN;2025;3
2187;32;JAWA BARAT;3278;KOTA TASIKMALAYA;Pendidikan;7;JULI;4.89;PERSEN;2025;3
2188;32;JAWA BARAT;3278;KOTA TASIKMALAYA;Penyediaan Makanan dan Minuman/ Restoran;7;JULI;0.42;PERSEN;2025;3
2189;32;JAWA BARAT;3278;KOTA TASIKMALAYA;Perawatan Pribadi da Jasa Lainnya;7;JULI;14.67;PERSEN;2025;4
2190;32;JAWA BARAT;3278;KOTA TASIKMALAYA;Makanan, Minuman dan Tembakau;8;AGUSTUS;1.61;PERSEN;2025;3
2191;32;JAWA BARAT;3278;KOTA TASIKMALAYA;Pakaian dan Alas Kaki;8;AGUSTUS;0.59;PERSEN;2025;3
2192;32;JAWA BARAT;3278;KOTA TASIKMALAYA;Perumahan, Air, Listrik dan Bahan Bakar Rumah Tangga;8;AGUSTUS;0.05;PERSEN;2025;3
2193;32;JAWA BARAT;3278;KOTA TASIKMALAYA;Perlengkapan, Peralatan dan Pemeliharaan Rutin Rumah Tangga;8;AGUSTUS;0.09;PERSEN;2025;3
2194;32;JAWA BARAT;3278;KOTA TASIKMALAYA;Kesehatan;8;AGUSTUS;1.22;PERSEN;2025;3
2195;32;JAWA BARAT;3278;KOTA TASIKMALAYA;Transportasi;8;AGUSTUS;0.73;PERSEN;2025;3
2196;32;JAWA BARAT;3278;KOTA TASIKMALAYA;Informasi, Komunikasi dan Jasa Keuangan;8;AGUSTUS;-0.36;PERSEN;2025;3
2197;32;JAWA BARAT;3278;KOTA TASIKMALAYA;Rekreasi, Olahraga dan Budaya;8;AGUSTUS;2.59;PERSEN;2025;3
2198;32;JAWA BARAT;3278;KOTA TASIKMALAYA;Pendidikan;8;AGUSTUS;3.82;PERSEN;2025;3
2199;32;JAWA BARAT;3278;KOTA TASIKMALAYA;Penyediaan Makanan dan Minuman/ Restoran;8;AGUSTUS;0.47;PERSEN;2025;3
2200;32;JAWA BARAT;3278;KOTA TASIKMALAYA;Perawatan Pribadi da Jasa Lainnya;8;AGUSTUS;14.02;PERSEN;2025;4
